-- MySQL dump 10.15  Distrib 10.0.38-MariaDB, for debian-linux-gnu (x86_64)
--
-- Host: localhost    Database: neat
-- ------------------------------------------------------
-- Server version	10.0.38-MariaDB-0ubuntu0.16.04.1

/*!40101 SET @OLD_CHARACTER_SET_CLIENT=@@CHARACTER_SET_CLIENT */;
/*!40101 SET @OLD_CHARACTER_SET_RESULTS=@@CHARACTER_SET_RESULTS */;
/*!40101 SET @OLD_COLLATION_CONNECTION=@@COLLATION_CONNECTION */;
/*!40101 SET NAMES utf8mb4 */;
/*!40103 SET @OLD_TIME_ZONE=@@TIME_ZONE */;
/*!40103 SET TIME_ZONE='+00:00' */;
/*!40014 SET @OLD_UNIQUE_CHECKS=@@UNIQUE_CHECKS, UNIQUE_CHECKS=0 */;
/*!40014 SET @OLD_FOREIGN_KEY_CHECKS=@@FOREIGN_KEY_CHECKS, FOREIGN_KEY_CHECKS=0 */;
/*!40101 SET @OLD_SQL_MODE=@@SQL_MODE, SQL_MODE='NO_AUTO_VALUE_ON_ZERO' */;
/*!40111 SET @OLD_SQL_NOTES=@@SQL_NOTES, SQL_NOTES=0 */;

--
-- Table structure for table `host_overload`
--

DROP TABLE IF EXISTS `host_overload`;
/*!40101 SET @saved_cs_client     = @@character_set_client */;
/*!40101 SET character_set_client = utf8 */;
CREATE TABLE `host_overload` (
  `id` int(11) NOT NULL AUTO_INCREMENT,
  `host_id` int(11) NOT NULL,
  `timestamp` datetime DEFAULT NULL,
  `overload` int(11) NOT NULL,
  PRIMARY KEY (`id`),
  KEY `host_id` (`host_id`),
  CONSTRAINT `host_overload_ibfk_1` FOREIGN KEY (`host_id`) REFERENCES `hosts` (`id`)
) ENGINE=InnoDB AUTO_INCREMENT=353 DEFAULT CHARSET=utf8;
/*!40101 SET character_set_client = @saved_cs_client */;

--
-- Dumping data for table `host_overload`
--

LOCK TABLES `host_overload` WRITE;
/*!40000 ALTER TABLE `host_overload` DISABLE KEYS */;
INSERT INTO `host_overload` VALUES (1,3,'2019-12-31 21:42:24',0),(2,2,'2019-12-31 21:42:26',0),(3,1,'2019-12-31 21:42:28',0),(4,4,'2019-12-31 21:42:29',0),(5,2,'2019-12-31 23:37:29',1),(6,1,'2019-12-31 23:37:32',1),(7,4,'2019-12-31 23:37:32',1),(8,3,'2019-12-31 23:42:29',1),(9,3,'2019-12-31 23:52:29',0),(10,2,'2019-12-31 23:57:30',0),(11,4,'2019-12-31 23:57:35',0),(12,2,'2020-01-01 00:02:31',1),(13,4,'2020-01-01 00:02:35',1),(14,4,'2020-01-01 00:17:39',0),(15,3,'2020-01-01 00:22:33',1),(16,4,'2020-01-01 00:22:39',1),(17,3,'2020-01-01 00:27:34',0),(18,3,'2020-01-01 00:32:34',1),(19,1,'2020-01-01 00:37:40',0),(20,3,'2020-01-01 00:42:35',0),(21,1,'2020-01-01 00:47:41',1),(22,4,'2020-01-01 00:47:41',0),(23,3,'2020-01-01 00:52:35',1),(24,4,'2020-01-01 00:52:43',1),(25,3,'2020-01-01 00:57:36',0),(26,3,'2020-01-01 01:02:36',1),(27,2,'2020-01-01 01:07:43',0),(28,2,'2020-01-01 01:12:43',1),(29,3,'2020-01-01 01:17:38',0),(30,3,'2020-01-01 01:32:39',1),(31,1,'2020-01-01 01:37:48',0),(32,1,'2020-01-01 01:42:49',1),(33,3,'2020-01-01 02:02:44',0),(34,4,'2020-01-01 02:07:50',0),(35,3,'2020-01-01 02:12:45',1),(36,1,'2020-01-01 02:12:51',0),(37,4,'2020-01-01 02:12:51',1),(38,1,'2020-01-01 02:17:51',1),(39,1,'2020-01-01 02:32:51',0),(40,3,'2020-01-01 02:37:48',0),(41,1,'2020-01-01 02:37:52',1),(42,3,'2020-01-01 02:42:48',1),(43,4,'2020-01-01 02:42:55',0),(44,3,'2020-01-01 02:47:49',0),(45,4,'2020-01-01 02:47:57',1),(46,3,'2020-01-01 03:02:51',1),(47,1,'2020-01-01 03:02:56',0),(48,1,'2020-01-01 03:07:56',1),(49,3,'2020-01-01 03:12:52',0),(50,3,'2020-01-01 03:17:52',1),(51,3,'2020-01-01 03:22:52',0),(52,3,'2020-01-01 03:27:52',1),(53,3,'2020-01-01 03:32:52',0),(54,3,'2020-01-01 03:37:54',1),(55,1,'2020-01-01 03:37:59',0),(56,4,'2020-01-01 03:38:02',0),(57,1,'2020-01-01 03:43:00',1),(58,4,'2020-01-01 03:48:03',1),(59,3,'2020-01-01 03:52:56',0),(60,2,'2020-01-01 03:53:00',0),(61,3,'2020-01-01 03:57:56',1),(62,2,'2020-01-01 03:58:01',1),(63,1,'2020-01-01 04:08:03',0),(64,2,'2020-01-01 04:13:03',0),(65,1,'2020-01-01 04:13:04',1),(66,2,'2020-01-01 04:18:03',1),(67,3,'2020-01-01 04:22:58',0),(68,1,'2020-01-01 04:23:05',0),(69,3,'2020-01-01 04:28:00',1),(70,2,'2020-01-01 04:28:04',0),(71,3,'2020-01-01 04:33:00',0),(72,1,'2020-01-01 04:33:07',1),(73,2,'2020-01-01 04:38:04',1),(74,4,'2020-01-01 04:38:09',0),(75,4,'2020-01-01 04:43:09',1),(76,3,'2020-01-01 04:48:04',1),(77,4,'2020-01-01 05:08:11',0),(78,4,'2020-01-01 05:13:11',1),(79,3,'2020-01-01 05:23:09',0),(80,3,'2020-01-01 05:28:09',1),(81,3,'2020-01-01 05:38:10',0),(82,3,'2020-01-01 05:43:10',1),(83,3,'2020-01-01 05:48:10',0),(84,4,'2020-01-01 05:53:17',0),(85,1,'2020-01-01 05:58:16',0),(86,2,'2020-01-01 06:03:14',0),(87,4,'2020-01-01 06:03:18',1),(88,2,'2020-01-01 06:08:14',1),(89,1,'2020-01-01 06:08:18',1),(90,4,'2020-01-01 06:13:19',0),(91,1,'2020-01-01 06:18:18',0),(92,3,'2020-01-01 06:23:13',1),(93,3,'2020-01-01 06:28:13',0),(94,3,'2020-01-01 06:33:15',1),(95,1,'2020-01-01 06:33:20',1),(96,3,'2020-01-01 06:43:16',0),(97,3,'2020-01-01 06:48:16',1),(98,1,'2020-01-01 06:48:21',0),(99,1,'2020-01-01 06:53:22',1),(100,2,'2020-01-01 06:58:23',0),(101,4,'2020-01-01 07:03:23',1),(102,2,'2020-01-01 07:03:24',1),(103,4,'2020-01-01 07:08:24',0),(104,4,'2020-01-01 07:13:25',1),(105,3,'2020-01-01 07:18:20',0),(106,3,'2020-01-01 07:28:21',1),(107,4,'2020-01-01 07:33:27',0),(108,4,'2020-01-01 07:38:28',1),(109,1,'2020-01-01 07:48:27',0),(110,4,'2020-01-01 07:48:28',0),(111,4,'2020-01-01 07:53:29',1),(112,4,'2020-01-01 07:58:29',0),(113,1,'2020-01-01 08:03:29',1),(114,4,'2020-01-01 08:03:30',1),(115,2,'2020-01-01 08:08:31',0),(116,3,'2020-01-01 08:13:25',0),(117,2,'2020-01-01 08:13:31',1),(118,1,'2020-01-01 08:18:30',0),(119,1,'2020-01-01 08:23:31',1),(120,3,'2020-01-01 08:28:26',1),(121,3,'2020-01-01 08:33:26',0),(122,1,'2020-01-01 08:33:31',0),(123,1,'2020-01-01 08:38:32',1),(124,3,'2020-01-01 08:43:28',1),(125,3,'2020-01-01 08:53:29',0),(126,4,'2020-01-01 08:58:38',0),(127,3,'2020-01-01 09:03:30',1),(128,4,'2020-01-01 09:03:39',1),(129,2,'2020-01-01 09:08:39',0),(130,1,'2020-01-01 09:13:35',0),(131,2,'2020-01-01 09:13:39',1),(132,4,'2020-01-01 09:18:42',0),(133,1,'2020-01-01 09:23:37',1),(134,4,'2020-01-01 09:23:42',1),(135,3,'2020-01-01 09:33:34',0),(136,4,'2020-01-01 09:33:43',0),(137,3,'2020-01-01 09:38:35',1),(138,4,'2020-01-01 09:38:44',1),(139,1,'2020-01-01 09:48:40',0),(140,1,'2020-01-01 09:58:42',1),(141,4,'2020-01-01 09:58:46',0),(142,1,'2020-01-01 10:03:42',0),(143,1,'2020-01-01 10:08:42',1),(144,4,'2020-01-01 10:08:47',1),(145,3,'2020-01-01 10:23:39',0),(146,3,'2020-01-01 10:28:40',1),(147,4,'2020-01-01 10:33:50',0),(148,4,'2020-01-01 10:38:51',1),(149,4,'2020-01-01 10:48:52',0),(150,3,'2020-01-01 10:53:44',0),(151,1,'2020-01-01 10:53:47',0),(152,4,'2020-01-01 10:53:53',1),(153,3,'2020-01-01 10:58:44',1),(154,1,'2020-01-01 10:58:48',1),(155,3,'2020-01-01 11:03:45',0),(156,3,'2020-01-01 11:08:46',1),(157,2,'2020-01-01 11:08:54',0),(158,2,'2020-01-01 11:13:54',1),(159,4,'2020-01-01 11:18:55',0),(160,4,'2020-01-01 11:23:56',1),(161,1,'2020-01-01 11:28:51',0),(162,4,'2020-01-01 11:28:57',0),(163,1,'2020-01-01 11:33:52',1),(164,2,'2020-01-01 11:33:57',0),(165,4,'2020-01-01 11:38:58',1),(166,2,'2020-01-01 11:38:58',1),(167,4,'2020-01-01 11:43:59',0),(168,4,'2020-01-01 11:53:59',1),(169,2,'2020-01-01 11:54:00',0),(170,1,'2020-01-01 11:58:54',0),(171,1,'2020-01-01 12:03:54',1),(172,4,'2020-01-01 12:04:00',0),(173,2,'2020-01-01 12:04:00',1),(174,4,'2020-01-01 12:09:01',1),(175,3,'2020-01-01 12:13:51',0),(176,3,'2020-01-01 12:23:53',1),(177,4,'2020-01-01 12:24:03',0),(178,3,'2020-01-01 12:28:53',0),(179,1,'2020-01-01 12:28:57',0),(180,2,'2020-01-01 12:29:03',0),(181,4,'2020-01-01 12:29:04',1),(182,3,'2020-01-01 12:38:54',1),(183,1,'2020-01-01 12:38:58',1),(184,3,'2020-01-01 12:43:54',0),(185,1,'2020-01-01 12:43:59',0),(186,2,'2020-01-01 12:44:04',1),(187,1,'2020-01-01 12:48:59',1),(188,2,'2020-01-01 12:54:05',0),(189,4,'2020-01-01 12:54:07',0),(190,2,'2020-01-01 13:09:07',1),(191,4,'2020-01-01 13:09:09',1),(192,2,'2020-01-01 13:19:08',0),(193,2,'2020-01-01 13:24:09',1),(194,1,'2020-01-01 13:29:04',0),(195,2,'2020-01-01 13:29:09',0),(196,1,'2020-01-01 13:34:04',1),(197,2,'2020-01-01 13:34:09',1),(198,4,'2020-01-01 13:34:12',0),(199,2,'2020-01-01 13:39:10',0),(200,1,'2020-01-01 13:44:05',0),(201,2,'2020-01-01 13:44:12',1),(202,1,'2020-01-01 13:49:06',1),(203,3,'2020-01-01 13:54:00',1),(204,3,'2020-01-01 13:59:00',0),(205,2,'2020-01-01 14:04:16',0),(206,1,'2020-01-01 14:09:08',0),(207,4,'2020-01-01 14:09:14',1),(208,1,'2020-01-01 14:14:08',1),(209,2,'2020-01-01 14:14:18',1),(210,4,'2020-01-01 14:19:16',0),(211,1,'2020-01-01 14:24:10',0),(212,4,'2020-01-01 14:29:17',1),(213,2,'2020-01-01 14:29:20',0),(214,4,'2020-01-01 14:34:17',0),(215,1,'2020-01-01 14:39:12',1),(216,4,'2020-01-01 14:39:18',1),(217,2,'2020-01-01 14:39:21',1),(218,4,'2020-01-01 14:49:19',0),(219,4,'2020-01-01 14:54:20',1),(220,3,'2020-01-01 14:59:05',1),(221,2,'2020-01-01 14:59:23',0),(222,3,'2020-01-01 15:04:05',0),(223,1,'2020-01-01 15:04:16',0),(224,1,'2020-01-01 15:09:16',1),(225,4,'2020-01-01 15:09:21',0),(226,1,'2020-01-01 15:24:18',0),(227,1,'2020-01-01 15:29:19',1),(228,2,'2020-01-01 15:29:26',1),(229,2,'2020-01-01 15:34:26',0),(230,1,'2020-01-01 15:39:20',0),(231,2,'2020-01-01 15:39:26',1),(232,1,'2020-01-01 15:44:21',1),(233,2,'2020-01-01 15:44:27',0),(234,1,'2020-01-01 15:49:21',0),(235,1,'2020-01-01 15:54:23',1),(236,2,'2020-01-01 15:54:29',1),(237,4,'2020-01-01 15:59:26',1),(238,1,'2020-01-01 16:04:24',0),(239,1,'2020-01-01 16:09:24',1),(240,2,'2020-01-01 16:09:32',0),(241,4,'2020-01-01 16:14:27',0),(242,2,'2020-01-01 16:14:33',1),(243,3,'2020-01-01 16:19:11',1),(244,4,'2020-01-01 16:19:28',1),(245,3,'2020-01-01 16:24:11',0),(246,1,'2020-01-01 16:24:25',0),(247,4,'2020-01-01 16:24:28',0),(248,2,'2020-01-01 16:24:34',0),(249,1,'2020-01-01 16:34:27',1),(250,2,'2020-01-01 16:44:36',1),(251,3,'2020-01-01 16:49:13',1),(252,4,'2020-01-01 16:49:31',1),(253,3,'2020-01-01 16:59:14',0),(254,1,'2020-01-01 16:59:30',0),(255,4,'2020-01-01 16:59:32',0),(256,1,'2020-01-01 17:04:30',1),(257,4,'2020-01-01 17:24:34',1),(258,2,'2020-01-01 17:24:40',0),(259,1,'2020-01-01 17:29:33',0),(260,4,'2020-01-01 17:29:34',0),(261,3,'2020-01-01 17:34:19',1),(262,1,'2020-01-01 17:34:33',1),(263,3,'2020-01-01 17:39:19',0),(264,1,'2020-01-01 17:39:34',0),(265,1,'2020-01-01 17:44:34',1),(266,4,'2020-01-01 17:44:37',1),(267,2,'2020-01-01 17:44:42',1),(268,1,'2020-01-01 17:49:35',0),(269,4,'2020-01-01 17:49:37',0),(270,2,'2020-01-01 17:49:42',0),(271,1,'2020-01-01 17:54:35',1),(272,2,'2020-01-01 18:04:43',1),(273,3,'2020-01-01 18:09:22',1),(274,4,'2020-01-01 18:09:39',1),(275,2,'2020-01-01 18:14:44',0),(276,4,'2020-01-01 18:19:39',0),(277,2,'2020-01-01 18:19:45',1),(278,3,'2020-01-01 18:24:23',0),(279,1,'2020-01-01 18:34:40',0),(280,1,'2020-01-01 18:39:40',1),(281,2,'2020-01-01 18:39:48',0),(282,2,'2020-01-01 18:44:49',1),(283,2,'2020-01-01 18:54:51',0),(284,1,'2020-01-01 18:59:42',0),(285,2,'2020-01-01 19:09:53',1),(286,4,'2020-01-01 19:14:44',1),(287,1,'2020-01-01 19:19:45',1),(288,4,'2020-01-01 19:19:45',0),(289,1,'2020-01-01 19:24:45',0),(290,4,'2020-01-01 19:24:45',1),(291,4,'2020-01-01 19:34:47',0),(292,1,'2020-01-01 19:39:46',1),(293,2,'2020-01-01 19:39:58',0),(294,2,'2020-01-01 19:44:58',1),(295,1,'2020-01-01 19:49:48',0),(296,2,'2020-01-01 19:49:59',0),(297,3,'2020-01-01 19:54:31',1),(298,1,'2020-01-01 19:54:49',1),(299,4,'2020-01-01 19:54:50',1),(300,3,'2020-01-01 19:59:32',0),(301,1,'2020-01-01 20:04:50',0),(302,4,'2020-01-01 20:04:50',0),(303,2,'2020-01-01 20:05:00',1),(304,1,'2020-01-01 20:09:50',1),(305,2,'2020-01-01 20:10:00',0),(306,2,'2020-01-01 20:15:01',1),(307,2,'2020-01-01 20:20:01',0),(308,1,'2020-01-01 20:29:52',0),(309,4,'2020-01-01 20:34:53',1),(310,1,'2020-01-01 20:34:53',1),(311,1,'2020-01-01 20:39:53',0),(312,4,'2020-01-01 20:44:53',0),(313,1,'2020-01-01 20:49:54',1),(314,4,'2020-01-01 20:49:54',1),(315,1,'2020-01-01 20:54:54',0),(316,4,'2020-01-01 20:59:55',0),(317,1,'2020-01-01 21:04:55',1),(318,2,'2020-01-01 21:15:05',1),(319,4,'2020-01-01 21:19:57',1),(320,2,'2020-01-01 21:20:06',0),(321,1,'2020-01-01 21:24:57',0),(322,4,'2020-01-01 21:24:57',0),(323,1,'2020-01-01 21:29:57',1),(324,2,'2020-01-01 21:30:07',1),(325,2,'2020-01-01 21:35:07',0),(326,4,'2020-01-01 21:40:00',1),(327,3,'2020-01-01 21:44:40',1),(328,1,'2020-01-01 21:44:58',0),(329,4,'2020-01-01 21:45:00',0),(330,3,'2020-01-01 21:49:41',0),(331,2,'2020-01-01 21:50:09',1),(332,1,'2020-01-01 21:54:59',1),(333,2,'2020-01-01 21:55:10',0),(334,1,'2020-01-01 22:10:01',0),(335,3,'2020-01-01 22:14:43',1),(336,1,'2020-01-01 22:15:01',1),(337,3,'2020-01-01 22:19:44',0),(338,1,'2020-01-01 22:30:04',0),(339,1,'2020-01-01 22:35:04',1),(340,1,'2020-01-01 22:40:04',0),(341,4,'2020-01-01 22:40:07',1),(342,2,'2020-01-01 22:45:14',1),(343,1,'2020-01-01 22:50:05',1),(344,1,'2020-01-01 22:55:05',0),(345,4,'2020-01-01 22:55:08',0),(346,2,'2020-01-01 22:55:15',0),(347,1,'2020-01-01 23:00:06',1),(348,1,'2020-01-01 23:05:07',0),(349,1,'2020-01-01 23:10:08',1),(350,1,'2020-01-01 23:25:08',0),(351,4,'2020-01-01 23:30:10',1),(352,4,'2020-01-01 23:40:10',0);
/*!40000 ALTER TABLE `host_overload` ENABLE KEYS */;
UNLOCK TABLES;

--
-- Table structure for table `host_resource_usage`
--

DROP TABLE IF EXISTS `host_resource_usage`;
/*!40101 SET @saved_cs_client     = @@character_set_client */;
/*!40101 SET character_set_client = utf8 */;
CREATE TABLE `host_resource_usage` (
  `id` int(11) NOT NULL AUTO_INCREMENT,
  `host_id` int(11) NOT NULL,
  `timestamp` datetime DEFAULT NULL,
  `cpu_mhz` int(11) NOT NULL,
  PRIMARY KEY (`id`),
  KEY `host_id` (`host_id`),
  CONSTRAINT `host_resource_usage_ibfk_1` FOREIGN KEY (`host_id`) REFERENCES `hosts` (`id`)
) ENGINE=InnoDB AUTO_INCREMENT=1813 DEFAULT CHARSET=utf8;
/*!40101 SET character_set_client = @saved_cs_client */;

--
-- Dumping data for table `host_resource_usage`
--

LOCK TABLES `host_resource_usage` WRITE;
/*!40000 ALTER TABLE `host_resource_usage` DISABLE KEYS */;
INSERT INTO `host_resource_usage` VALUES (1625,3,'2020-01-02 07:35:03',200),(1626,4,'2020-01-02 07:35:23',143),(1627,1,'2020-01-02 07:35:24',131),(1628,2,'2020-01-02 07:35:32',177),(1629,3,'2020-01-02 07:40:03',177),(1630,4,'2020-01-02 07:40:23',165),(1631,1,'2020-01-02 07:40:24',237),(1632,2,'2020-01-02 07:40:32',172),(1633,3,'2020-01-02 07:45:03',173),(1634,4,'2020-01-02 07:45:23',162),(1635,1,'2020-01-02 07:45:24',241),(1636,2,'2020-01-02 07:45:32',165),(1637,3,'2020-01-02 07:50:03',168),(1638,4,'2020-01-02 07:50:23',147),(1639,1,'2020-01-02 07:50:24',210),(1640,2,'2020-01-02 07:50:32',187),(1641,3,'2020-01-02 07:55:03',211),(1642,4,'2020-01-02 07:55:23',173),(1643,1,'2020-01-02 07:55:24',163),(1644,2,'2020-01-02 07:55:32',174),(1645,3,'2020-01-02 08:00:03',204),(1646,4,'2020-01-02 08:00:23',165),(1647,1,'2020-01-02 08:00:24',160),(1648,2,'2020-01-02 08:00:32',170),(1649,3,'2020-01-02 08:05:03',207),(1650,4,'2020-01-02 08:05:23',160),(1651,1,'2020-01-02 08:05:25',159),(1652,2,'2020-01-02 08:05:32',175),(1653,3,'2020-01-02 08:10:03',168),(1654,4,'2020-01-02 08:10:24',170),(1655,1,'2020-01-02 08:10:25',217),(1656,2,'2020-01-02 08:10:33',169),(1657,3,'2020-01-02 08:15:03',172),(1658,4,'2020-01-02 08:15:24',124),(1659,1,'2020-01-02 08:15:25',165),(1660,2,'2020-01-02 08:15:33',126),(1661,3,'2020-01-02 08:20:03',171),(1662,4,'2020-01-02 08:20:24',154),(1663,1,'2020-01-02 08:20:25',163),(1664,2,'2020-01-02 08:20:33',174),(1665,3,'2020-01-02 08:25:04',214),(1666,4,'2020-01-02 08:25:24',161),(1667,1,'2020-01-02 08:25:25',135),(1668,2,'2020-01-02 08:25:33',154),(1669,3,'2020-01-02 08:30:04',173),(1670,4,'2020-01-02 08:30:24',168),(1671,1,'2020-01-02 08:30:25',162),(1672,2,'2020-01-02 08:30:33',144),(1673,3,'2020-01-02 08:35:04',189),(1674,4,'2020-01-02 08:35:24',121),(1675,1,'2020-01-02 08:35:25',114),(1676,2,'2020-01-02 08:35:33',158),(1677,3,'2020-01-02 08:40:04',204),(1678,4,'2020-01-02 08:40:24',162),(1679,1,'2020-01-02 08:40:25',157),(1680,2,'2020-01-02 08:40:33',163),(1681,3,'2020-01-02 08:45:04',206),(1682,4,'2020-01-02 08:45:24',137),(1683,1,'2020-01-02 08:45:25',164),(1684,2,'2020-01-02 08:45:33',162),(1685,3,'2020-01-02 08:50:04',169),(1686,4,'2020-01-02 08:50:24',139),(1687,1,'2020-01-02 08:50:25',309),(1688,2,'2020-01-02 08:50:33',146),(1689,3,'2020-01-02 08:55:04',162),(1690,4,'2020-01-02 08:55:25',131),(1691,1,'2020-01-02 08:55:25',222),(1692,2,'2020-01-02 08:55:33',156),(1693,3,'2020-01-02 09:00:04',205),(1694,4,'2020-01-02 09:00:25',135),(1695,1,'2020-01-02 09:00:25',162),(1696,2,'2020-01-02 09:00:34',156),(1697,3,'2020-01-02 09:05:05',212),(1698,4,'2020-01-02 09:05:25',138),(1699,1,'2020-01-02 09:05:26',170),(1700,2,'2020-01-02 09:05:34',178),(1701,3,'2020-01-02 09:10:05',189),(1702,4,'2020-01-02 09:10:25',136),(1703,1,'2020-01-02 09:10:26',164),(1704,2,'2020-01-02 09:10:34',178),(1705,3,'2020-01-02 09:15:05',183),(1706,4,'2020-01-02 09:15:25',103),(1707,1,'2020-01-02 09:15:26',162),(1708,2,'2020-01-02 09:15:34',167),(1709,3,'2020-01-02 09:20:05',201),(1710,4,'2020-01-02 09:20:25',141),(1711,1,'2020-01-02 09:20:26',161),(1712,2,'2020-01-02 09:20:34',133),(1713,3,'2020-01-02 09:25:05',137),(1714,4,'2020-01-02 09:25:25',139),(1715,1,'2020-01-02 09:25:26',169),(1716,2,'2020-01-02 09:25:34',167),(1717,3,'2020-01-02 09:30:05',166),(1718,4,'2020-01-02 09:30:25',138),(1719,1,'2020-01-02 09:30:26',179),(1720,2,'2020-01-02 09:30:34',144),(1721,3,'2020-01-02 09:35:05',128),(1722,4,'2020-01-02 09:35:26',138),(1723,1,'2020-01-02 09:35:26',180),(1724,2,'2020-01-02 09:35:34',169),(1725,3,'2020-01-02 09:40:05',197),(1726,4,'2020-01-02 09:40:26',110),(1727,1,'2020-01-02 09:40:26',126),(1728,2,'2020-01-02 09:40:34',169),(1729,3,'2020-01-02 09:45:06',210),(1730,4,'2020-01-02 09:45:26',137),(1731,1,'2020-01-02 09:45:26',168),(1732,2,'2020-01-02 09:45:35',176),(1733,3,'2020-01-02 09:50:06',180),(1734,4,'2020-01-02 09:50:26',135),(1735,1,'2020-01-02 09:50:26',201),(1736,2,'2020-01-02 09:50:35',166),(1737,3,'2020-01-02 09:55:06',168),(1738,4,'2020-01-02 09:55:26',136),(1739,1,'2020-01-02 09:55:26',198),(1740,2,'2020-01-02 09:55:35',169),(1741,3,'2020-01-02 10:00:06',205),(1742,4,'2020-01-02 10:00:26',145),(1743,1,'2020-01-02 10:00:27',158),(1744,2,'2020-01-02 10:00:35',310),(1745,3,'2020-01-02 10:05:06',210),(1746,4,'2020-01-02 10:05:27',139),(1747,1,'2020-01-02 10:05:27',162),(1748,2,'2020-01-02 10:05:35',167),(1749,3,'2020-01-02 10:10:06',169),(1750,4,'2020-01-02 10:10:27',133),(1751,1,'2020-01-02 10:10:27',200),(1752,2,'2020-01-02 10:10:35',179),(1753,3,'2020-01-02 10:15:06',169),(1754,4,'2020-01-02 10:15:27',136),(1755,1,'2020-01-02 10:15:27',202),(1756,2,'2020-01-02 10:15:35',173),(1757,3,'2020-01-02 10:20:06',166),(1758,4,'2020-01-02 10:20:27',98),(1759,1,'2020-01-02 10:20:27',161),(1760,2,'2020-01-02 10:20:35',136),(1761,3,'2020-01-02 10:25:06',169),(1762,4,'2020-01-02 10:25:27',135),(1763,1,'2020-01-02 10:25:27',169),(1764,2,'2020-01-02 10:25:36',161),(1765,3,'2020-01-02 10:30:06',215),(1766,4,'2020-01-02 10:30:27',136),(1767,1,'2020-01-02 10:30:27',120),(1768,2,'2020-01-02 10:30:36',135),(1769,3,'2020-01-02 10:35:07',132),(1770,4,'2020-01-02 10:35:27',132),(1771,1,'2020-01-02 10:35:27',193),(1772,2,'2020-01-02 10:35:36',167),(1773,3,'2020-01-02 10:40:07',141),(1774,1,'2020-01-02 10:40:27',156),(1775,4,'2020-01-02 10:40:27',125),(1776,2,'2020-01-02 10:40:36',167),(1777,3,'2020-01-02 10:45:07',168),(1778,1,'2020-01-02 10:45:27',201),(1779,4,'2020-01-02 10:45:27',132),(1780,2,'2020-01-02 10:45:36',173),(1781,3,'2020-01-02 10:50:07',206),(1782,1,'2020-01-02 10:50:27',161),(1783,4,'2020-01-02 10:50:28',134),(1784,2,'2020-01-02 10:50:36',181),(1785,3,'2020-01-02 10:55:07',211),(1786,1,'2020-01-02 10:55:28',161),(1787,4,'2020-01-02 10:55:28',137),(1788,2,'2020-01-02 10:55:36',169),(1789,3,'2020-01-02 11:00:07',169),(1790,1,'2020-01-02 11:00:28',196),(1791,4,'2020-01-02 11:00:28',133),(1792,2,'2020-01-02 11:00:37',170),(1793,3,'2020-01-02 11:05:07',133),(1794,1,'2020-01-02 11:05:28',156),(1795,4,'2020-01-02 11:05:28',138),(1796,2,'2020-01-02 11:05:37',120),(1797,3,'2020-01-02 11:10:08',184),(1798,1,'2020-01-02 11:10:28',204),(1799,4,'2020-01-02 11:10:28',142),(1800,2,'2020-01-02 11:10:37',165),(1801,3,'2020-01-02 11:15:08',166),(1802,1,'2020-01-02 11:15:28',202),(1803,4,'2020-01-02 11:15:28',136),(1804,2,'2020-01-02 11:15:37',170),(1805,3,'2020-01-02 11:20:08',174),(1806,1,'2020-01-02 11:20:28',160),(1807,4,'2020-01-02 11:20:28',126),(1808,2,'2020-01-02 11:20:37',167),(1809,3,'2020-01-02 11:25:08',211),(1810,1,'2020-01-02 11:25:28',164),(1811,4,'2020-01-02 11:25:28',129),(1812,2,'2020-01-02 11:25:37',135);
/*!40000 ALTER TABLE `host_resource_usage` ENABLE KEYS */;
UNLOCK TABLES;

--
-- Table structure for table `host_states`
--

DROP TABLE IF EXISTS `host_states`;
/*!40101 SET @saved_cs_client     = @@character_set_client */;
/*!40101 SET character_set_client = utf8 */;
CREATE TABLE `host_states` (
  `id` int(11) NOT NULL AUTO_INCREMENT,
  `host_id` int(11) NOT NULL,
  `timestamp` datetime DEFAULT NULL,
  `state` int(11) NOT NULL,
  PRIMARY KEY (`id`),
  KEY `host_id` (`host_id`),
  CONSTRAINT `host_states_ibfk_1` FOREIGN KEY (`host_id`) REFERENCES `hosts` (`id`)
) ENGINE=InnoDB AUTO_INCREMENT=25 DEFAULT CHARSET=utf8;
/*!40101 SET character_set_client = @saved_cs_client */;

--
-- Dumping data for table `host_states`
--

LOCK TABLES `host_states` WRITE;
/*!40000 ALTER TABLE `host_states` DISABLE KEYS */;
INSERT INTO `host_states` VALUES (1,3,'2019-12-31 21:37:22',1),(2,1,'2019-12-31 21:37:22',1),(3,2,'2019-12-31 21:37:22',1),(4,4,'2019-12-31 21:37:22',1),(5,3,'2019-12-31 22:29:05',1),(6,1,'2019-12-31 22:29:05',1),(7,2,'2019-12-31 22:29:05',1),(8,4,'2019-12-31 22:29:05',1),(9,3,'2019-12-31 23:11:38',1),(10,1,'2019-12-31 23:11:38',1),(11,2,'2019-12-31 23:11:38',1),(12,4,'2019-12-31 23:11:38',1),(13,3,'2019-12-31 23:14:10',1),(14,1,'2019-12-31 23:14:10',1),(15,2,'2019-12-31 23:14:10',1),(16,4,'2019-12-31 23:14:10',1),(17,3,'2019-12-31 23:19:29',1),(18,1,'2019-12-31 23:19:29',1),(19,2,'2019-12-31 23:19:29',1),(20,4,'2019-12-31 23:19:29',1),(21,3,'2019-12-31 23:29:59',1),(22,1,'2019-12-31 23:29:59',1),(23,2,'2019-12-31 23:29:59',1),(24,4,'2019-12-31 23:29:59',1);
/*!40000 ALTER TABLE `host_states` ENABLE KEYS */;
UNLOCK TABLES;

--
-- Table structure for table `hosts`
--

DROP TABLE IF EXISTS `hosts`;
/*!40101 SET @saved_cs_client     = @@character_set_client */;
/*!40101 SET character_set_client = utf8 */;
CREATE TABLE `hosts` (
  `id` int(11) NOT NULL AUTO_INCREMENT,
  `hostname` varchar(255) NOT NULL,
  `cpu_mhz` int(11) NOT NULL,
  `cpu_cores` int(11) NOT NULL,
  `ram` int(11) NOT NULL,
  PRIMARY KEY (`id`)
) ENGINE=InnoDB AUTO_INCREMENT=5 DEFAULT CHARSET=utf8;
/*!40101 SET character_set_client = @saved_cs_client */;

--
-- Dumping data for table `hosts`
--

LOCK TABLES `hosts` WRITE;
/*!40000 ALTER TABLE `hosts` DISABLE KEYS */;
INSERT INTO `hosts` VALUES (1,'compute3',8776,4,16041),(2,'compute2',8776,4,16041),(3,'compute1',8776,4,16041),(4,'compute4',8776,4,16041);
/*!40000 ALTER TABLE `hosts` ENABLE KEYS */;
UNLOCK TABLES;

--
-- Table structure for table `vm_migrations`
--

DROP TABLE IF EXISTS `vm_migrations`;
/*!40101 SET @saved_cs_client     = @@character_set_client */;
/*!40101 SET character_set_client = utf8 */;
CREATE TABLE `vm_migrations` (
  `id` int(11) NOT NULL AUTO_INCREMENT,
  `vm_id` int(11) NOT NULL,
  `host_id` int(11) NOT NULL,
  `timestamp` datetime DEFAULT NULL,
  PRIMARY KEY (`id`),
  KEY `vm_id` (`vm_id`),
  KEY `host_id` (`host_id`),
  CONSTRAINT `vm_migrations_ibfk_1` FOREIGN KEY (`vm_id`) REFERENCES `vms` (`id`),
  CONSTRAINT `vm_migrations_ibfk_2` FOREIGN KEY (`host_id`) REFERENCES `hosts` (`id`)
) ENGINE=InnoDB DEFAULT CHARSET=utf8;
/*!40101 SET character_set_client = @saved_cs_client */;

--
-- Dumping data for table `vm_migrations`
--

LOCK TABLES `vm_migrations` WRITE;
/*!40000 ALTER TABLE `vm_migrations` DISABLE KEYS */;
/*!40000 ALTER TABLE `vm_migrations` ENABLE KEYS */;
UNLOCK TABLES;

--
-- Table structure for table `vm_resource_usage`
--

DROP TABLE IF EXISTS `vm_resource_usage`;
/*!40101 SET @saved_cs_client     = @@character_set_client */;
/*!40101 SET character_set_client = utf8 */;
CREATE TABLE `vm_resource_usage` (
  `id` int(11) NOT NULL AUTO_INCREMENT,
  `vm_id` int(11) NOT NULL,
  `timestamp` datetime DEFAULT NULL,
  `cpu_mhz` int(11) NOT NULL,
  PRIMARY KEY (`id`),
  KEY `vm_id` (`vm_id`),
  CONSTRAINT `vm_resource_usage_ibfk_1` FOREIGN KEY (`vm_id`) REFERENCES `vms` (`id`)
) ENGINE=InnoDB AUTO_INCREMENT=12713 DEFAULT CHARSET=utf8;
/*!40101 SET character_set_client = @saved_cs_client */;

--
-- Dumping data for table `vm_resource_usage`
--

LOCK TABLES `vm_resource_usage` WRITE;
/*!40000 ALTER TABLE `vm_resource_usage` DISABLE KEYS */;
INSERT INTO `vm_resource_usage` VALUES (11397,15,'2020-01-02 07:35:02',4),(11398,16,'2020-01-02 07:35:02',2),(11399,17,'2020-01-02 07:35:02',2),(11400,18,'2020-01-02 07:35:02',2),(11401,19,'2020-01-02 07:35:02',2),(11402,20,'2020-01-02 07:35:02',2),(11403,21,'2020-01-02 07:35:02',4),(11404,22,'2020-01-02 07:35:23',4),(11405,23,'2020-01-02 07:35:23',2),(11406,24,'2020-01-02 07:35:23',2),(11407,25,'2020-01-02 07:35:23',4),(11408,26,'2020-01-02 07:35:23',2),(11409,27,'2020-01-02 07:35:23',4),(11410,28,'2020-01-02 07:35:23',2),(11411,1,'2020-01-02 07:35:24',2),(11412,2,'2020-01-02 07:35:24',2),(11413,3,'2020-01-02 07:35:24',2),(11414,4,'2020-01-02 07:35:24',2),(11415,5,'2020-01-02 07:35:24',2),(11416,6,'2020-01-02 07:35:24',2),(11417,7,'2020-01-02 07:35:24',2),(11418,8,'2020-01-02 07:35:32',2),(11419,9,'2020-01-02 07:35:32',2),(11420,10,'2020-01-02 07:35:32',2),(11421,11,'2020-01-02 07:35:32',2),(11422,12,'2020-01-02 07:35:32',4),(11423,13,'2020-01-02 07:35:32',2),(11424,14,'2020-01-02 07:35:32',3),(11425,15,'2020-01-02 07:40:03',4),(11426,16,'2020-01-02 07:40:03',2),(11427,17,'2020-01-02 07:40:03',2),(11428,18,'2020-01-02 07:40:03',2),(11429,19,'2020-01-02 07:40:03',2),(11430,20,'2020-01-02 07:40:03',2),(11431,21,'2020-01-02 07:40:03',4),(11432,22,'2020-01-02 07:40:23',4),(11433,23,'2020-01-02 07:40:23',2),(11434,24,'2020-01-02 07:40:23',2),(11435,25,'2020-01-02 07:40:23',4),(11436,26,'2020-01-02 07:40:23',2),(11437,27,'2020-01-02 07:40:23',5),(11438,28,'2020-01-02 07:40:23',2),(11439,1,'2020-01-02 07:40:24',5),(11440,2,'2020-01-02 07:40:24',7),(11441,3,'2020-01-02 07:40:24',8),(11442,4,'2020-01-02 07:40:24',8),(11443,5,'2020-01-02 07:40:24',6),(11444,6,'2020-01-02 07:40:24',8),(11445,7,'2020-01-02 07:40:24',7),(11446,8,'2020-01-02 07:40:32',4),(11447,9,'2020-01-02 07:40:32',4),(11448,10,'2020-01-02 07:40:32',4),(11449,11,'2020-01-02 07:40:32',3),(11450,12,'2020-01-02 07:40:32',6),(11451,13,'2020-01-02 07:40:32',5),(11452,14,'2020-01-02 07:40:32',4),(11453,15,'2020-01-02 07:45:03',4),(11454,16,'2020-01-02 07:45:03',2),(11455,17,'2020-01-02 07:45:03',2),(11456,18,'2020-01-02 07:45:03',2),(11457,19,'2020-01-02 07:45:03',2),(11458,20,'2020-01-02 07:45:03',2),(11459,21,'2020-01-02 07:45:03',4),(11460,22,'2020-01-02 07:45:23',4),(11461,23,'2020-01-02 07:45:23',2),(11462,24,'2020-01-02 07:45:23',2),(11463,25,'2020-01-02 07:45:23',4),(11464,26,'2020-01-02 07:45:23',2),(11465,27,'2020-01-02 07:45:23',5),(11466,28,'2020-01-02 07:45:23',2),(11467,1,'2020-01-02 07:45:24',3),(11468,2,'2020-01-02 07:45:24',3),(11469,3,'2020-01-02 07:45:24',3),(11470,4,'2020-01-02 07:45:24',3),(11471,5,'2020-01-02 07:45:24',3),(11472,6,'2020-01-02 07:45:24',4),(11473,7,'2020-01-02 07:45:24',4),(11474,8,'2020-01-02 07:45:32',2),(11475,9,'2020-01-02 07:45:32',2),(11476,10,'2020-01-02 07:45:32',2),(11477,11,'2020-01-02 07:45:32',2),(11478,12,'2020-01-02 07:45:32',4),(11479,13,'2020-01-02 07:45:32',2),(11480,14,'2020-01-02 07:45:32',2),(11481,15,'2020-01-02 07:50:03',4),(11482,16,'2020-01-02 07:50:03',2),(11483,17,'2020-01-02 07:50:03',2),(11484,18,'2020-01-02 07:50:03',2),(11485,19,'2020-01-02 07:50:03',2),(11486,20,'2020-01-02 07:50:03',2),(11487,21,'2020-01-02 07:50:03',4),(11488,22,'2020-01-02 07:50:23',9),(11489,23,'2020-01-02 07:50:23',7),(11490,24,'2020-01-02 07:50:23',8),(11491,25,'2020-01-02 07:50:23',6),(11492,26,'2020-01-02 07:50:23',5),(11493,27,'2020-01-02 07:50:23',7),(11494,28,'2020-01-02 07:50:23',7),(11495,1,'2020-01-02 07:50:24',2),(11496,2,'2020-01-02 07:50:24',2),(11497,3,'2020-01-02 07:50:24',3),(11498,4,'2020-01-02 07:50:24',2),(11499,5,'2020-01-02 07:50:24',2),(11500,6,'2020-01-02 07:50:24',2),(11501,7,'2020-01-02 07:50:24',2),(11502,8,'2020-01-02 07:50:32',4),(11503,9,'2020-01-02 07:50:32',4),(11504,10,'2020-01-02 07:50:32',3),(11505,11,'2020-01-02 07:50:32',3),(11506,12,'2020-01-02 07:50:32',6),(11507,13,'2020-01-02 07:50:32',4),(11508,14,'2020-01-02 07:50:32',4),(11509,15,'2020-01-02 07:55:03',4),(11510,16,'2020-01-02 07:55:03',2),(11511,17,'2020-01-02 07:55:03',2),(11512,18,'2020-01-02 07:55:03',2),(11513,19,'2020-01-02 07:55:03',2),(11514,20,'2020-01-02 07:55:03',2),(11515,21,'2020-01-02 07:55:03',4),(11516,22,'2020-01-02 07:55:23',4),(11517,23,'2020-01-02 07:55:23',2),(11518,24,'2020-01-02 07:55:23',2),(11519,25,'2020-01-02 07:55:23',4),(11520,26,'2020-01-02 07:55:23',2),(11521,27,'2020-01-02 07:55:23',4),(11522,28,'2020-01-02 07:55:23',2),(11523,1,'2020-01-02 07:55:24',2),(11524,2,'2020-01-02 07:55:24',2),(11525,3,'2020-01-02 07:55:24',2),(11526,4,'2020-01-02 07:55:24',2),(11527,5,'2020-01-02 07:55:24',2),(11528,6,'2020-01-02 07:55:24',2),(11529,7,'2020-01-02 07:55:24',2),(11530,8,'2020-01-02 07:55:32',4),(11531,9,'2020-01-02 07:55:32',6),(11532,10,'2020-01-02 07:55:32',4),(11533,11,'2020-01-02 07:55:32',4),(11534,12,'2020-01-02 07:55:32',7),(11535,13,'2020-01-02 07:55:32',4),(11536,14,'2020-01-02 07:55:32',5),(11537,15,'2020-01-02 08:00:03',4),(11538,16,'2020-01-02 08:00:03',2),(11539,17,'2020-01-02 08:00:03',2),(11540,18,'2020-01-02 08:00:03',2),(11541,19,'2020-01-02 08:00:03',2),(11542,20,'2020-01-02 08:00:03',2),(11543,21,'2020-01-02 08:00:03',5),(11544,22,'2020-01-02 08:00:23',4),(11545,23,'2020-01-02 08:00:23',2),(11546,24,'2020-01-02 08:00:23',2),(11547,25,'2020-01-02 08:00:23',4),(11548,26,'2020-01-02 08:00:23',3),(11549,27,'2020-01-02 08:00:23',4),(11550,28,'2020-01-02 08:00:23',2),(11551,1,'2020-01-02 08:00:24',2),(11552,2,'2020-01-02 08:00:24',2),(11553,3,'2020-01-02 08:00:24',2),(11554,4,'2020-01-02 08:00:24',2),(11555,5,'2020-01-02 08:00:24',2),(11556,6,'2020-01-02 08:00:24',2),(11557,7,'2020-01-02 08:00:24',2),(11558,8,'2020-01-02 08:00:32',2),(11559,9,'2020-01-02 08:00:32',2),(11560,10,'2020-01-02 08:00:32',2),(11561,11,'2020-01-02 08:00:32',2),(11562,12,'2020-01-02 08:00:32',4),(11563,13,'2020-01-02 08:00:32',2),(11564,14,'2020-01-02 08:00:32',2),(11565,15,'2020-01-02 08:05:03',4),(11566,16,'2020-01-02 08:05:03',11),(11567,17,'2020-01-02 08:05:03',2),(11568,18,'2020-01-02 08:05:03',2),(11569,19,'2020-01-02 08:05:03',2),(11570,20,'2020-01-02 08:05:03',2),(11571,21,'2020-01-02 08:05:03',4),(11572,22,'2020-01-02 08:05:23',4),(11573,23,'2020-01-02 08:05:23',2),(11574,24,'2020-01-02 08:05:23',2),(11575,25,'2020-01-02 08:05:23',4),(11576,26,'2020-01-02 08:05:23',2),(11577,27,'2020-01-02 08:05:23',4),(11578,28,'2020-01-02 08:05:23',2),(11579,1,'2020-01-02 08:05:25',2),(11580,2,'2020-01-02 08:05:25',2),(11581,3,'2020-01-02 08:05:25',2),(11582,4,'2020-01-02 08:05:25',2),(11583,5,'2020-01-02 08:05:25',11),(11584,6,'2020-01-02 08:05:25',2),(11585,7,'2020-01-02 08:05:25',2),(11586,8,'2020-01-02 08:05:32',2),(11587,9,'2020-01-02 08:05:32',2),(11588,10,'2020-01-02 08:05:32',2),(11589,11,'2020-01-02 08:05:32',2),(11590,12,'2020-01-02 08:05:32',4),(11591,13,'2020-01-02 08:05:32',2),(11592,14,'2020-01-02 08:05:32',2),(11593,15,'2020-01-02 08:10:03',4),(11594,16,'2020-01-02 08:10:03',2),(11595,17,'2020-01-02 08:10:03',2),(11596,18,'2020-01-02 08:10:03',2),(11597,19,'2020-01-02 08:10:03',2),(11598,20,'2020-01-02 08:10:03',2),(11599,21,'2020-01-02 08:10:03',4),(11600,22,'2020-01-02 08:10:23',4),(11601,23,'2020-01-02 08:10:23',2),(11602,24,'2020-01-02 08:10:23',2),(11603,25,'2020-01-02 08:10:23',4),(11604,26,'2020-01-02 08:10:23',2),(11605,27,'2020-01-02 08:10:23',4),(11606,28,'2020-01-02 08:10:23',2),(11607,1,'2020-01-02 08:10:25',2),(11608,2,'2020-01-02 08:10:25',3),(11609,3,'2020-01-02 08:10:25',3),(11610,4,'2020-01-02 08:10:25',2),(11611,5,'2020-01-02 08:10:25',2),(11612,6,'2020-01-02 08:10:25',2),(11613,7,'2020-01-02 08:10:25',2),(11614,8,'2020-01-02 08:10:33',2),(11615,9,'2020-01-02 08:10:33',2),(11616,10,'2020-01-02 08:10:33',2),(11617,11,'2020-01-02 08:10:33',2),(11618,12,'2020-01-02 08:10:33',5),(11619,13,'2020-01-02 08:10:33',2),(11620,14,'2020-01-02 08:10:33',2),(11621,15,'2020-01-02 08:15:03',4),(11622,16,'2020-01-02 08:15:03',2),(11623,17,'2020-01-02 08:15:03',2),(11624,18,'2020-01-02 08:15:03',2),(11625,19,'2020-01-02 08:15:03',2),(11626,20,'2020-01-02 08:15:03',2),(11627,21,'2020-01-02 08:15:03',4),(11628,22,'2020-01-02 08:15:24',4),(11629,23,'2020-01-02 08:15:24',2),(11630,24,'2020-01-02 08:15:24',2),(11631,25,'2020-01-02 08:15:24',4),(11632,26,'2020-01-02 08:15:24',2),(11633,27,'2020-01-02 08:15:24',4),(11634,28,'2020-01-02 08:15:24',2),(11635,1,'2020-01-02 08:15:25',2),(11636,2,'2020-01-02 08:15:25',2),(11637,3,'2020-01-02 08:15:25',2),(11638,4,'2020-01-02 08:15:25',2),(11639,5,'2020-01-02 08:15:25',2),(11640,6,'2020-01-02 08:15:25',2),(11641,7,'2020-01-02 08:15:25',2),(11642,8,'2020-01-02 08:15:33',2),(11643,9,'2020-01-02 08:15:33',2),(11644,10,'2020-01-02 08:15:33',2),(11645,11,'2020-01-02 08:15:33',2),(11646,12,'2020-01-02 08:15:33',4),(11647,13,'2020-01-02 08:15:33',2),(11648,14,'2020-01-02 08:15:33',2),(11649,15,'2020-01-02 08:20:03',4),(11650,16,'2020-01-02 08:20:03',2),(11651,17,'2020-01-02 08:20:03',2),(11652,18,'2020-01-02 08:20:03',2),(11653,19,'2020-01-02 08:20:03',2),(11654,20,'2020-01-02 08:20:03',2),(11655,21,'2020-01-02 08:20:03',4),(11656,22,'2020-01-02 08:20:24',4),(11657,23,'2020-01-02 08:20:24',2),(11658,24,'2020-01-02 08:20:24',2),(11659,25,'2020-01-02 08:20:24',4),(11660,26,'2020-01-02 08:20:24',2),(11661,27,'2020-01-02 08:20:24',4),(11662,28,'2020-01-02 08:20:24',2),(11663,1,'2020-01-02 08:20:25',2),(11664,2,'2020-01-02 08:20:25',2),(11665,3,'2020-01-02 08:20:25',2),(11666,4,'2020-01-02 08:20:25',2),(11667,5,'2020-01-02 08:20:25',2),(11668,6,'2020-01-02 08:20:25',2),(11669,7,'2020-01-02 08:20:25',2),(11670,8,'2020-01-02 08:20:33',2),(11671,9,'2020-01-02 08:20:33',2),(11672,10,'2020-01-02 08:20:33',2),(11673,11,'2020-01-02 08:20:33',2),(11674,12,'2020-01-02 08:20:33',4),(11675,13,'2020-01-02 08:20:33',2),(11676,14,'2020-01-02 08:20:33',2),(11677,15,'2020-01-02 08:25:04',4),(11678,16,'2020-01-02 08:25:04',2),(11679,17,'2020-01-02 08:25:04',2),(11680,18,'2020-01-02 08:25:04',2),(11681,19,'2020-01-02 08:25:04',2),(11682,20,'2020-01-02 08:25:04',2),(11683,21,'2020-01-02 08:25:04',4),(11684,22,'2020-01-02 08:25:24',4),(11685,23,'2020-01-02 08:25:24',2),(11686,24,'2020-01-02 08:25:24',2),(11687,25,'2020-01-02 08:25:24',4),(11688,26,'2020-01-02 08:25:24',2),(11689,27,'2020-01-02 08:25:24',4),(11690,28,'2020-01-02 08:25:24',2),(11691,1,'2020-01-02 08:25:25',2),(11692,2,'2020-01-02 08:25:25',2),(11693,3,'2020-01-02 08:25:25',2),(11694,4,'2020-01-02 08:25:25',2),(11695,5,'2020-01-02 08:25:25',2),(11696,6,'2020-01-02 08:25:25',2),(11697,7,'2020-01-02 08:25:25',2),(11698,8,'2020-01-02 08:25:33',4),(11699,9,'2020-01-02 08:25:33',4),(11700,10,'2020-01-02 08:25:33',4),(11701,11,'2020-01-02 08:25:33',4),(11702,12,'2020-01-02 08:25:33',6),(11703,13,'2020-01-02 08:25:33',5),(11704,14,'2020-01-02 08:25:33',4),(11705,15,'2020-01-02 08:30:04',5),(11706,16,'2020-01-02 08:30:04',6),(11707,17,'2020-01-02 08:30:04',7),(11708,18,'2020-01-02 08:30:04',3),(11709,19,'2020-01-02 08:30:04',5),(11710,20,'2020-01-02 08:30:04',4),(11711,21,'2020-01-02 08:30:04',5),(11712,22,'2020-01-02 08:30:24',4),(11713,23,'2020-01-02 08:30:24',2),(11714,24,'2020-01-02 08:30:24',2),(11715,25,'2020-01-02 08:30:24',4),(11716,26,'2020-01-02 08:30:24',2),(11717,27,'2020-01-02 08:30:24',4),(11718,28,'2020-01-02 08:30:24',2),(11719,1,'2020-01-02 08:30:25',2),(11720,2,'2020-01-02 08:30:25',2),(11721,3,'2020-01-02 08:30:25',2),(11722,4,'2020-01-02 08:30:25',2),(11723,5,'2020-01-02 08:30:25',2),(11724,6,'2020-01-02 08:30:25',2),(11725,7,'2020-01-02 08:30:25',2),(11726,8,'2020-01-02 08:30:33',2),(11727,9,'2020-01-02 08:30:33',2),(11728,10,'2020-01-02 08:30:33',2),(11729,11,'2020-01-02 08:30:33',2),(11730,12,'2020-01-02 08:30:33',4),(11731,13,'2020-01-02 08:30:33',2),(11732,14,'2020-01-02 08:30:33',2),(11733,15,'2020-01-02 08:35:04',4),(11734,16,'2020-01-02 08:35:04',2),(11735,17,'2020-01-02 08:35:04',2),(11736,18,'2020-01-02 08:35:04',2),(11737,19,'2020-01-02 08:35:04',2),(11738,20,'2020-01-02 08:35:04',2),(11739,21,'2020-01-02 08:35:04',4),(11740,22,'2020-01-02 08:35:24',4),(11741,23,'2020-01-02 08:35:24',2),(11742,24,'2020-01-02 08:35:24',2),(11743,25,'2020-01-02 08:35:24',4),(11744,26,'2020-01-02 08:35:24',2),(11745,27,'2020-01-02 08:35:24',4),(11746,28,'2020-01-02 08:35:24',2),(11747,1,'2020-01-02 08:35:25',2),(11748,2,'2020-01-02 08:35:25',2),(11749,3,'2020-01-02 08:35:25',2),(11750,4,'2020-01-02 08:35:25',2),(11751,5,'2020-01-02 08:35:25',2),(11752,6,'2020-01-02 08:35:25',2),(11753,7,'2020-01-02 08:35:25',2),(11754,8,'2020-01-02 08:35:33',2),(11755,9,'2020-01-02 08:35:33',2),(11756,10,'2020-01-02 08:35:33',2),(11757,11,'2020-01-02 08:35:33',2),(11758,12,'2020-01-02 08:35:33',4),(11759,13,'2020-01-02 08:35:33',2),(11760,14,'2020-01-02 08:35:33',2),(11761,15,'2020-01-02 08:40:04',4),(11762,16,'2020-01-02 08:40:04',2),(11763,17,'2020-01-02 08:40:04',2),(11764,18,'2020-01-02 08:40:04',2),(11765,19,'2020-01-02 08:40:04',2),(11766,20,'2020-01-02 08:40:04',2),(11767,21,'2020-01-02 08:40:04',4),(11768,22,'2020-01-02 08:40:24',4),(11769,23,'2020-01-02 08:40:24',2),(11770,24,'2020-01-02 08:40:24',2),(11771,25,'2020-01-02 08:40:24',4),(11772,26,'2020-01-02 08:40:24',2),(11773,27,'2020-01-02 08:40:24',4),(11774,28,'2020-01-02 08:40:24',2),(11775,1,'2020-01-02 08:40:25',14),(11776,2,'2020-01-02 08:40:25',6),(11777,3,'2020-01-02 08:40:25',7),(11778,4,'2020-01-02 08:40:25',5),(11779,5,'2020-01-02 08:40:25',8),(11780,6,'2020-01-02 08:40:25',7),(11781,7,'2020-01-02 08:40:25',7),(11782,8,'2020-01-02 08:40:33',2),(11783,9,'2020-01-02 08:40:33',2),(11784,10,'2020-01-02 08:40:33',2),(11785,11,'2020-01-02 08:40:33',2),(11786,12,'2020-01-02 08:40:33',4),(11787,13,'2020-01-02 08:40:33',2),(11788,14,'2020-01-02 08:40:33',2),(11789,15,'2020-01-02 08:45:04',5),(11790,16,'2020-01-02 08:45:04',2),(11791,17,'2020-01-02 08:45:04',2),(11792,18,'2020-01-02 08:45:04',2),(11793,19,'2020-01-02 08:45:04',2),(11794,20,'2020-01-02 08:45:04',2),(11795,21,'2020-01-02 08:45:04',4),(11796,22,'2020-01-02 08:45:24',4),(11797,23,'2020-01-02 08:45:24',2),(11798,24,'2020-01-02 08:45:24',2),(11799,25,'2020-01-02 08:45:24',4),(11800,26,'2020-01-02 08:45:24',2),(11801,27,'2020-01-02 08:45:24',4),(11802,28,'2020-01-02 08:45:24',2),(11803,1,'2020-01-02 08:45:25',2),(11804,2,'2020-01-02 08:45:25',2),(11805,3,'2020-01-02 08:45:25',2),(11806,4,'2020-01-02 08:45:25',2),(11807,5,'2020-01-02 08:45:25',2),(11808,6,'2020-01-02 08:45:25',2),(11809,7,'2020-01-02 08:45:25',2),(11810,8,'2020-01-02 08:45:33',2),(11811,9,'2020-01-02 08:45:33',2),(11812,10,'2020-01-02 08:45:33',2),(11813,11,'2020-01-02 08:45:33',2),(11814,12,'2020-01-02 08:45:33',4),(11815,13,'2020-01-02 08:45:33',2),(11816,14,'2020-01-02 08:45:33',2),(11817,15,'2020-01-02 08:50:04',4),(11818,16,'2020-01-02 08:50:04',2),(11819,17,'2020-01-02 08:50:04',2),(11820,18,'2020-01-02 08:50:04',2),(11821,19,'2020-01-02 08:50:04',2),(11822,20,'2020-01-02 08:50:04',2),(11823,21,'2020-01-02 08:50:04',4),(11824,22,'2020-01-02 08:50:24',5),(11825,23,'2020-01-02 08:50:24',4),(11826,24,'2020-01-02 08:50:24',4),(11827,25,'2020-01-02 08:50:24',5),(11828,26,'2020-01-02 08:50:24',3),(11829,27,'2020-01-02 08:50:24',6),(11830,28,'2020-01-02 08:50:24',3),(11831,1,'2020-01-02 08:50:25',2),(11832,2,'2020-01-02 08:50:25',2),(11833,3,'2020-01-02 08:50:25',2),(11834,4,'2020-01-02 08:50:25',2),(11835,5,'2020-01-02 08:50:25',2),(11836,6,'2020-01-02 08:50:25',2),(11837,7,'2020-01-02 08:50:25',2),(11838,8,'2020-01-02 08:50:33',2),(11839,9,'2020-01-02 08:50:33',2),(11840,10,'2020-01-02 08:50:33',2),(11841,11,'2020-01-02 08:50:33',2),(11842,12,'2020-01-02 08:50:33',4),(11843,13,'2020-01-02 08:50:33',2),(11844,14,'2020-01-02 08:50:33',2),(11845,15,'2020-01-02 08:55:04',4),(11846,16,'2020-01-02 08:55:04',2),(11847,17,'2020-01-02 08:55:04',2),(11848,18,'2020-01-02 08:55:04',2),(11849,19,'2020-01-02 08:55:04',2),(11850,20,'2020-01-02 08:55:04',2),(11851,21,'2020-01-02 08:55:04',4),(11852,22,'2020-01-02 08:55:25',4),(11853,23,'2020-01-02 08:55:25',2),(11854,24,'2020-01-02 08:55:25',2),(11855,25,'2020-01-02 08:55:25',4),(11856,26,'2020-01-02 08:55:25',2),(11857,27,'2020-01-02 08:55:25',4),(11858,28,'2020-01-02 08:55:25',2),(11859,1,'2020-01-02 08:55:25',2),(11860,2,'2020-01-02 08:55:25',2),(11861,3,'2020-01-02 08:55:25',2),(11862,4,'2020-01-02 08:55:25',2),(11863,5,'2020-01-02 08:55:25',2),(11864,6,'2020-01-02 08:55:25',2),(11865,7,'2020-01-02 08:55:25',2),(11866,8,'2020-01-02 08:55:33',6),(11867,9,'2020-01-02 08:55:33',5),(11868,10,'2020-01-02 08:55:33',6),(11869,11,'2020-01-02 08:55:33',4),(11870,12,'2020-01-02 08:55:33',6),(11871,13,'2020-01-02 08:55:33',4),(11872,14,'2020-01-02 08:55:33',4),(11873,15,'2020-01-02 09:00:04',4),(11874,16,'2020-01-02 09:00:04',2),(11875,17,'2020-01-02 09:00:04',2),(11876,18,'2020-01-02 09:00:04',2),(11877,19,'2020-01-02 09:00:04',2),(11878,20,'2020-01-02 09:00:04',2),(11879,21,'2020-01-02 09:00:04',4),(11880,22,'2020-01-02 09:00:25',4),(11881,23,'2020-01-02 09:00:25',2),(11882,24,'2020-01-02 09:00:25',2),(11883,25,'2020-01-02 09:00:25',4),(11884,26,'2020-01-02 09:00:25',2),(11885,27,'2020-01-02 09:00:25',4),(11886,28,'2020-01-02 09:00:25',2),(11887,1,'2020-01-02 09:00:25',2),(11888,2,'2020-01-02 09:00:25',2),(11889,3,'2020-01-02 09:00:25',2),(11890,4,'2020-01-02 09:00:25',2),(11891,5,'2020-01-02 09:00:25',2),(11892,6,'2020-01-02 09:00:25',2),(11893,7,'2020-01-02 09:00:25',2),(11894,8,'2020-01-02 09:00:34',2),(11895,9,'2020-01-02 09:00:34',2),(11896,10,'2020-01-02 09:00:34',2),(11897,11,'2020-01-02 09:00:34',2),(11898,12,'2020-01-02 09:00:34',4),(11899,13,'2020-01-02 09:00:34',2),(11900,14,'2020-01-02 09:00:34',2),(11901,15,'2020-01-02 09:05:05',4),(11902,16,'2020-01-02 09:05:05',2),(11903,17,'2020-01-02 09:05:05',2),(11904,18,'2020-01-02 09:05:05',2),(11905,19,'2020-01-02 09:05:05',2),(11906,20,'2020-01-02 09:05:05',2),(11907,21,'2020-01-02 09:05:05',4),(11908,22,'2020-01-02 09:05:25',4),(11909,23,'2020-01-02 09:05:25',2),(11910,24,'2020-01-02 09:05:25',2),(11911,25,'2020-01-02 09:05:25',4),(11912,26,'2020-01-02 09:05:25',2),(11913,27,'2020-01-02 09:05:25',4),(11914,28,'2020-01-02 09:05:25',2),(11915,1,'2020-01-02 09:05:26',2),(11916,2,'2020-01-02 09:05:26',2),(11917,3,'2020-01-02 09:05:26',2),(11918,4,'2020-01-02 09:05:26',2),(11919,5,'2020-01-02 09:05:26',2),(11920,6,'2020-01-02 09:05:26',2),(11921,7,'2020-01-02 09:05:26',2),(11922,8,'2020-01-02 09:05:34',3),(11923,9,'2020-01-02 09:05:34',4),(11924,10,'2020-01-02 09:05:34',3),(11925,11,'2020-01-02 09:05:34',3),(11926,12,'2020-01-02 09:05:34',5),(11927,13,'2020-01-02 09:05:34',4),(11928,14,'2020-01-02 09:05:34',4),(11929,15,'2020-01-02 09:10:05',4),(11930,16,'2020-01-02 09:10:05',2),(11931,17,'2020-01-02 09:10:05',2),(11932,18,'2020-01-02 09:10:05',2),(11933,19,'2020-01-02 09:10:05',2),(11934,20,'2020-01-02 09:10:05',2),(11935,21,'2020-01-02 09:10:05',4),(11936,22,'2020-01-02 09:10:25',4),(11937,23,'2020-01-02 09:10:25',2),(11938,24,'2020-01-02 09:10:25',2),(11939,25,'2020-01-02 09:10:25',4),(11940,26,'2020-01-02 09:10:25',2),(11941,27,'2020-01-02 09:10:25',4),(11942,28,'2020-01-02 09:10:25',2),(11943,1,'2020-01-02 09:10:26',2),(11944,2,'2020-01-02 09:10:26',2),(11945,3,'2020-01-02 09:10:26',2),(11946,4,'2020-01-02 09:10:26',2),(11947,5,'2020-01-02 09:10:26',2),(11948,6,'2020-01-02 09:10:26',2),(11949,7,'2020-01-02 09:10:26',2),(11950,8,'2020-01-02 09:10:34',3),(11951,9,'2020-01-02 09:10:34',3),(11952,10,'2020-01-02 09:10:34',3),(11953,11,'2020-01-02 09:10:34',2),(11954,12,'2020-01-02 09:10:34',5),(11955,13,'2020-01-02 09:10:34',3),(11956,14,'2020-01-02 09:10:34',3),(11957,15,'2020-01-02 09:15:05',4),(11958,16,'2020-01-02 09:15:05',2),(11959,17,'2020-01-02 09:15:05',2),(11960,18,'2020-01-02 09:15:05',2),(11961,19,'2020-01-02 09:15:05',2),(11962,20,'2020-01-02 09:15:05',2),(11963,21,'2020-01-02 09:15:05',4),(11964,22,'2020-01-02 09:15:25',4),(11965,23,'2020-01-02 09:15:25',2),(11966,24,'2020-01-02 09:15:25',2),(11967,25,'2020-01-02 09:15:25',4),(11968,26,'2020-01-02 09:15:25',2),(11969,27,'2020-01-02 09:15:25',4),(11970,28,'2020-01-02 09:15:25',2),(11971,1,'2020-01-02 09:15:26',2),(11972,2,'2020-01-02 09:15:26',2),(11973,3,'2020-01-02 09:15:26',2),(11974,4,'2020-01-02 09:15:26',2),(11975,5,'2020-01-02 09:15:26',2),(11976,6,'2020-01-02 09:15:26',2),(11977,7,'2020-01-02 09:15:26',2),(11978,8,'2020-01-02 09:15:34',2),(11979,9,'2020-01-02 09:15:34',2),(11980,10,'2020-01-02 09:15:34',2),(11981,11,'2020-01-02 09:15:34',2),(11982,12,'2020-01-02 09:15:34',4),(11983,13,'2020-01-02 09:15:34',2),(11984,14,'2020-01-02 09:15:34',2),(11985,15,'2020-01-02 09:20:05',4),(11986,16,'2020-01-02 09:20:05',2),(11987,17,'2020-01-02 09:20:05',2),(11988,18,'2020-01-02 09:20:05',2),(11989,19,'2020-01-02 09:20:05',2),(11990,20,'2020-01-02 09:20:05',2),(11991,21,'2020-01-02 09:20:05',4),(11992,22,'2020-01-02 09:20:25',4),(11993,23,'2020-01-02 09:20:25',2),(11994,24,'2020-01-02 09:20:25',2),(11995,25,'2020-01-02 09:20:25',4),(11996,26,'2020-01-02 09:20:25',2),(11997,27,'2020-01-02 09:20:25',4),(11998,28,'2020-01-02 09:20:25',2),(11999,1,'2020-01-02 09:20:26',2),(12000,2,'2020-01-02 09:20:26',2),(12001,3,'2020-01-02 09:20:26',2),(12002,4,'2020-01-02 09:20:26',2),(12003,5,'2020-01-02 09:20:26',2),(12004,6,'2020-01-02 09:20:26',2),(12005,7,'2020-01-02 09:20:26',2),(12006,8,'2020-01-02 09:20:34',2),(12007,9,'2020-01-02 09:20:34',2),(12008,10,'2020-01-02 09:20:34',2),(12009,11,'2020-01-02 09:20:34',2),(12010,12,'2020-01-02 09:20:34',4),(12011,13,'2020-01-02 09:20:34',2),(12012,14,'2020-01-02 09:20:34',2),(12013,15,'2020-01-02 09:25:05',5),(12014,16,'2020-01-02 09:25:05',2),(12015,17,'2020-01-02 09:25:05',2),(12016,18,'2020-01-02 09:25:05',2),(12017,19,'2020-01-02 09:25:05',2),(12018,20,'2020-01-02 09:25:05',2),(12019,21,'2020-01-02 09:25:05',4),(12020,22,'2020-01-02 09:25:25',4),(12021,23,'2020-01-02 09:25:25',2),(12022,24,'2020-01-02 09:25:25',2),(12023,25,'2020-01-02 09:25:25',4),(12024,26,'2020-01-02 09:25:25',2),(12025,27,'2020-01-02 09:25:25',5),(12026,28,'2020-01-02 09:25:25',2),(12027,1,'2020-01-02 09:25:26',2),(12028,2,'2020-01-02 09:25:26',2),(12029,3,'2020-01-02 09:25:26',2),(12030,4,'2020-01-02 09:25:26',2),(12031,5,'2020-01-02 09:25:26',2),(12032,6,'2020-01-02 09:25:26',2),(12033,7,'2020-01-02 09:25:26',2),(12034,8,'2020-01-02 09:25:34',2),(12035,9,'2020-01-02 09:25:34',2),(12036,10,'2020-01-02 09:25:34',2),(12037,11,'2020-01-02 09:25:34',2),(12038,12,'2020-01-02 09:25:34',4),(12039,13,'2020-01-02 09:25:34',2),(12040,14,'2020-01-02 09:25:34',2),(12041,15,'2020-01-02 09:30:05',5),(12042,16,'2020-01-02 09:30:05',5),(12043,17,'2020-01-02 09:30:05',6),(12044,18,'2020-01-02 09:30:05',5),(12045,19,'2020-01-02 09:30:05',5),(12046,20,'2020-01-02 09:30:05',4),(12047,21,'2020-01-02 09:30:05',6),(12048,22,'2020-01-02 09:30:25',4),(12049,23,'2020-01-02 09:30:25',2),(12050,24,'2020-01-02 09:30:25',2),(12051,25,'2020-01-02 09:30:25',4),(12052,26,'2020-01-02 09:30:25',2),(12053,27,'2020-01-02 09:30:25',4),(12054,28,'2020-01-02 09:30:25',2),(12055,1,'2020-01-02 09:30:26',2),(12056,2,'2020-01-02 09:30:26',2),(12057,3,'2020-01-02 09:30:26',2),(12058,4,'2020-01-02 09:30:26',2),(12059,5,'2020-01-02 09:30:26',2),(12060,6,'2020-01-02 09:30:26',2),(12061,7,'2020-01-02 09:30:26',2),(12062,8,'2020-01-02 09:30:34',2),(12063,9,'2020-01-02 09:30:34',2),(12064,10,'2020-01-02 09:30:34',2),(12065,11,'2020-01-02 09:30:34',2),(12066,12,'2020-01-02 09:30:34',4),(12067,13,'2020-01-02 09:30:34',3),(12068,14,'2020-01-02 09:30:34',2),(12069,15,'2020-01-02 09:35:05',4),(12070,16,'2020-01-02 09:35:05',2),(12071,17,'2020-01-02 09:35:05',2),(12072,18,'2020-01-02 09:35:05',2),(12073,19,'2020-01-02 09:35:05',2),(12074,20,'2020-01-02 09:35:05',2),(12075,21,'2020-01-02 09:35:05',4),(12076,22,'2020-01-02 09:35:26',4),(12077,23,'2020-01-02 09:35:26',2),(12078,24,'2020-01-02 09:35:26',2),(12079,25,'2020-01-02 09:35:26',4),(12080,26,'2020-01-02 09:35:26',2),(12081,27,'2020-01-02 09:35:26',4),(12082,28,'2020-01-02 09:35:26',2),(12083,1,'2020-01-02 09:35:26',2),(12084,2,'2020-01-02 09:35:26',2),(12085,3,'2020-01-02 09:35:26',2),(12086,4,'2020-01-02 09:35:26',2),(12087,5,'2020-01-02 09:35:26',2),(12088,6,'2020-01-02 09:35:26',2),(12089,7,'2020-01-02 09:35:26',2),(12090,8,'2020-01-02 09:35:34',2),(12091,9,'2020-01-02 09:35:34',2),(12092,10,'2020-01-02 09:35:34',2),(12093,11,'2020-01-02 09:35:34',2),(12094,12,'2020-01-02 09:35:34',4),(12095,13,'2020-01-02 09:35:34',2),(12096,14,'2020-01-02 09:35:34',2),(12097,15,'2020-01-02 09:40:05',4),(12098,16,'2020-01-02 09:40:05',2),(12099,17,'2020-01-02 09:40:05',2),(12100,18,'2020-01-02 09:40:05',2),(12101,19,'2020-01-02 09:40:05',2),(12102,20,'2020-01-02 09:40:05',2),(12103,21,'2020-01-02 09:40:05',4),(12104,22,'2020-01-02 09:40:26',4),(12105,23,'2020-01-02 09:40:26',2),(12106,24,'2020-01-02 09:40:26',2),(12107,25,'2020-01-02 09:40:26',4),(12108,26,'2020-01-02 09:40:26',2),(12109,27,'2020-01-02 09:40:26',4),(12110,28,'2020-01-02 09:40:26',2),(12111,1,'2020-01-02 09:40:26',5),(12112,2,'2020-01-02 09:40:26',3),(12113,3,'2020-01-02 09:40:26',4),(12114,4,'2020-01-02 09:40:26',4),(12115,5,'2020-01-02 09:40:26',4),(12116,6,'2020-01-02 09:40:26',3),(12117,7,'2020-01-02 09:40:26',4),(12118,8,'2020-01-02 09:40:34',2),(12119,9,'2020-01-02 09:40:34',2),(12120,10,'2020-01-02 09:40:34',2),(12121,11,'2020-01-02 09:40:34',2),(12122,12,'2020-01-02 09:40:34',4),(12123,13,'2020-01-02 09:40:34',2),(12124,14,'2020-01-02 09:40:34',2),(12125,15,'2020-01-02 09:45:06',4),(12126,16,'2020-01-02 09:45:06',2),(12127,17,'2020-01-02 09:45:06',2),(12128,18,'2020-01-02 09:45:06',2),(12129,19,'2020-01-02 09:45:06',2),(12130,20,'2020-01-02 09:45:06',2),(12131,21,'2020-01-02 09:45:06',4),(12132,22,'2020-01-02 09:45:26',4),(12133,23,'2020-01-02 09:45:26',2),(12134,24,'2020-01-02 09:45:26',2),(12135,25,'2020-01-02 09:45:26',4),(12136,26,'2020-01-02 09:45:26',2),(12137,27,'2020-01-02 09:45:26',4),(12138,28,'2020-01-02 09:45:26',2),(12139,1,'2020-01-02 09:45:26',2),(12140,2,'2020-01-02 09:45:26',2),(12141,3,'2020-01-02 09:45:26',2),(12142,4,'2020-01-02 09:45:26',2),(12143,5,'2020-01-02 09:45:26',2),(12144,6,'2020-01-02 09:45:26',2),(12145,7,'2020-01-02 09:45:26',2),(12146,8,'2020-01-02 09:45:35',2),(12147,9,'2020-01-02 09:45:35',2),(12148,10,'2020-01-02 09:45:35',2),(12149,11,'2020-01-02 09:45:35',2),(12150,12,'2020-01-02 09:45:35',4),(12151,13,'2020-01-02 09:45:35',2),(12152,14,'2020-01-02 09:45:35',2),(12153,15,'2020-01-02 09:50:06',4),(12154,16,'2020-01-02 09:50:06',2),(12155,17,'2020-01-02 09:50:06',2),(12156,18,'2020-01-02 09:50:06',2),(12157,19,'2020-01-02 09:50:06',2),(12158,20,'2020-01-02 09:50:06',11),(12159,21,'2020-01-02 09:50:06',4),(12160,22,'2020-01-02 09:50:26',5),(12161,23,'2020-01-02 09:50:26',4),(12162,24,'2020-01-02 09:50:26',4),(12163,25,'2020-01-02 09:50:26',5),(12164,26,'2020-01-02 09:50:26',4),(12165,27,'2020-01-02 09:50:26',6),(12166,28,'2020-01-02 09:50:26',4),(12167,1,'2020-01-02 09:50:26',2),(12168,2,'2020-01-02 09:50:26',2),(12169,3,'2020-01-02 09:50:26',2),(12170,4,'2020-01-02 09:50:26',2),(12171,5,'2020-01-02 09:50:26',2),(12172,6,'2020-01-02 09:50:26',2),(12173,7,'2020-01-02 09:50:26',2),(12174,8,'2020-01-02 09:50:35',2),(12175,9,'2020-01-02 09:50:35',2),(12176,10,'2020-01-02 09:50:35',2),(12177,11,'2020-01-02 09:50:35',2),(12178,12,'2020-01-02 09:50:35',4),(12179,13,'2020-01-02 09:50:35',3),(12180,14,'2020-01-02 09:50:35',2),(12181,15,'2020-01-02 09:55:06',4),(12182,16,'2020-01-02 09:55:06',2),(12183,17,'2020-01-02 09:55:06',2),(12184,18,'2020-01-02 09:55:06',2),(12185,19,'2020-01-02 09:55:06',2),(12186,20,'2020-01-02 09:55:06',2),(12187,21,'2020-01-02 09:55:06',4),(12188,22,'2020-01-02 09:55:26',4),(12189,23,'2020-01-02 09:55:26',2),(12190,24,'2020-01-02 09:55:26',2),(12191,25,'2020-01-02 09:55:26',4),(12192,26,'2020-01-02 09:55:26',2),(12193,27,'2020-01-02 09:55:26',4),(12194,28,'2020-01-02 09:55:26',2),(12195,1,'2020-01-02 09:55:26',2),(12196,2,'2020-01-02 09:55:26',2),(12197,3,'2020-01-02 09:55:26',2),(12198,4,'2020-01-02 09:55:26',2),(12199,5,'2020-01-02 09:55:26',2),(12200,6,'2020-01-02 09:55:26',1),(12201,7,'2020-01-02 09:55:26',2),(12202,8,'2020-01-02 09:55:35',4),(12203,9,'2020-01-02 09:55:35',4),(12204,10,'2020-01-02 09:55:35',4),(12205,11,'2020-01-02 09:55:35',4),(12206,12,'2020-01-02 09:55:35',5),(12207,13,'2020-01-02 09:55:35',4),(12208,14,'2020-01-02 09:55:35',4),(12209,15,'2020-01-02 10:00:06',4),(12210,16,'2020-01-02 10:00:06',2),(12211,17,'2020-01-02 10:00:06',2),(12212,18,'2020-01-02 10:00:06',2),(12213,19,'2020-01-02 10:00:06',2),(12214,20,'2020-01-02 10:00:06',2),(12215,21,'2020-01-02 10:00:06',4),(12216,22,'2020-01-02 10:00:26',4),(12217,23,'2020-01-02 10:00:26',2),(12218,24,'2020-01-02 10:00:26',2),(12219,25,'2020-01-02 10:00:26',4),(12220,26,'2020-01-02 10:00:26',2),(12221,27,'2020-01-02 10:00:26',4),(12222,28,'2020-01-02 10:00:26',2),(12223,1,'2020-01-02 10:00:27',2),(12224,2,'2020-01-02 10:00:27',2),(12225,3,'2020-01-02 10:00:27',2),(12226,4,'2020-01-02 10:00:27',2),(12227,5,'2020-01-02 10:00:27',2),(12228,6,'2020-01-02 10:00:27',2),(12229,7,'2020-01-02 10:00:27',2),(12230,8,'2020-01-02 10:00:35',2),(12231,9,'2020-01-02 10:00:35',2),(12232,10,'2020-01-02 10:00:35',2),(12233,11,'2020-01-02 10:00:35',2),(12234,12,'2020-01-02 10:00:35',4),(12235,13,'2020-01-02 10:00:35',2),(12236,14,'2020-01-02 10:00:35',2),(12237,15,'2020-01-02 10:05:06',4),(12238,16,'2020-01-02 10:05:06',2),(12239,17,'2020-01-02 10:05:06',2),(12240,18,'2020-01-02 10:05:06',2),(12241,19,'2020-01-02 10:05:06',2),(12242,20,'2020-01-02 10:05:06',2),(12243,21,'2020-01-02 10:05:06',4),(12244,22,'2020-01-02 10:05:27',4),(12245,23,'2020-01-02 10:05:27',2),(12246,24,'2020-01-02 10:05:27',2),(12247,25,'2020-01-02 10:05:27',4),(12248,26,'2020-01-02 10:05:27',2),(12249,27,'2020-01-02 10:05:27',4),(12250,28,'2020-01-02 10:05:27',2),(12251,1,'2020-01-02 10:05:27',2),(12252,2,'2020-01-02 10:05:27',2),(12253,3,'2020-01-02 10:05:27',2),(12254,4,'2020-01-02 10:05:27',2),(12255,5,'2020-01-02 10:05:27',2),(12256,6,'2020-01-02 10:05:27',2),(12257,7,'2020-01-02 10:05:27',2),(12258,8,'2020-01-02 10:05:35',2),(12259,9,'2020-01-02 10:05:35',2),(12260,10,'2020-01-02 10:05:35',2),(12261,11,'2020-01-02 10:05:35',2),(12262,12,'2020-01-02 10:05:35',4),(12263,13,'2020-01-02 10:05:35',3),(12264,14,'2020-01-02 10:05:35',2),(12265,15,'2020-01-02 10:10:06',4),(12266,16,'2020-01-02 10:10:06',2),(12267,17,'2020-01-02 10:10:06',2),(12268,18,'2020-01-02 10:10:06',2),(12269,19,'2020-01-02 10:10:06',2),(12270,20,'2020-01-02 10:10:06',2),(12271,21,'2020-01-02 10:10:06',4),(12272,22,'2020-01-02 10:10:27',5),(12273,23,'2020-01-02 10:10:27',2),(12274,24,'2020-01-02 10:10:27',2),(12275,25,'2020-01-02 10:10:27',4),(12276,26,'2020-01-02 10:10:27',2),(12277,27,'2020-01-02 10:10:27',4),(12278,28,'2020-01-02 10:10:27',2),(12279,1,'2020-01-02 10:10:27',2),(12280,2,'2020-01-02 10:10:27',2),(12281,3,'2020-01-02 10:10:27',2),(12282,4,'2020-01-02 10:10:27',2),(12283,5,'2020-01-02 10:10:27',2),(12284,6,'2020-01-02 10:10:27',2),(12285,7,'2020-01-02 10:10:27',2),(12286,8,'2020-01-02 10:10:35',2),(12287,9,'2020-01-02 10:10:35',2),(12288,10,'2020-01-02 10:10:35',2),(12289,11,'2020-01-02 10:10:35',2),(12290,12,'2020-01-02 10:10:35',4),(12291,13,'2020-01-02 10:10:35',3),(12292,14,'2020-01-02 10:10:35',2),(12293,15,'2020-01-02 10:15:06',4),(12294,16,'2020-01-02 10:15:06',2),(12295,17,'2020-01-02 10:15:06',2),(12296,18,'2020-01-02 10:15:06',2),(12297,19,'2020-01-02 10:15:06',2),(12298,20,'2020-01-02 10:15:06',2),(12299,21,'2020-01-02 10:15:06',4),(12300,22,'2020-01-02 10:15:27',4),(12301,23,'2020-01-02 10:15:27',2),(12302,24,'2020-01-02 10:15:27',2),(12303,25,'2020-01-02 10:15:27',4),(12304,26,'2020-01-02 10:15:27',2),(12305,27,'2020-01-02 10:15:27',4),(12306,28,'2020-01-02 10:15:27',2),(12307,1,'2020-01-02 10:15:27',2),(12308,2,'2020-01-02 10:15:27',2),(12309,3,'2020-01-02 10:15:27',2),(12310,4,'2020-01-02 10:15:27',2),(12311,5,'2020-01-02 10:15:27',2),(12312,6,'2020-01-02 10:15:27',2),(12313,7,'2020-01-02 10:15:27',2),(12314,8,'2020-01-02 10:15:35',2),(12315,9,'2020-01-02 10:15:35',2),(12316,10,'2020-01-02 10:15:35',2),(12317,11,'2020-01-02 10:15:35',2),(12318,12,'2020-01-02 10:15:35',4),(12319,13,'2020-01-02 10:15:35',2),(12320,14,'2020-01-02 10:15:35',2),(12321,15,'2020-01-02 10:20:06',4),(12322,16,'2020-01-02 10:20:06',2),(12323,17,'2020-01-02 10:20:06',2),(12324,18,'2020-01-02 10:20:06',2),(12325,19,'2020-01-02 10:20:06',2),(12326,20,'2020-01-02 10:20:06',2),(12327,21,'2020-01-02 10:20:06',4),(12328,22,'2020-01-02 10:20:27',4),(12329,23,'2020-01-02 10:20:27',2),(12330,24,'2020-01-02 10:20:27',2),(12331,25,'2020-01-02 10:20:27',4),(12332,26,'2020-01-02 10:20:27',2),(12333,27,'2020-01-02 10:20:27',5),(12334,28,'2020-01-02 10:20:27',2),(12335,1,'2020-01-02 10:20:27',2),(12336,2,'2020-01-02 10:20:27',2),(12337,3,'2020-01-02 10:20:27',2),(12338,4,'2020-01-02 10:20:27',2),(12339,5,'2020-01-02 10:20:27',2),(12340,6,'2020-01-02 10:20:27',2),(12341,7,'2020-01-02 10:20:27',2),(12342,8,'2020-01-02 10:20:35',2),(12343,9,'2020-01-02 10:20:35',2),(12344,10,'2020-01-02 10:20:35',2),(12345,11,'2020-01-02 10:20:35',2),(12346,12,'2020-01-02 10:20:35',4),(12347,13,'2020-01-02 10:20:35',2),(12348,14,'2020-01-02 10:20:35',2),(12349,15,'2020-01-02 10:25:06',4),(12350,16,'2020-01-02 10:25:06',2),(12351,17,'2020-01-02 10:25:06',2),(12352,18,'2020-01-02 10:25:06',2),(12353,19,'2020-01-02 10:25:06',2),(12354,20,'2020-01-02 10:25:06',2),(12355,21,'2020-01-02 10:25:06',4),(12356,22,'2020-01-02 10:25:27',4),(12357,23,'2020-01-02 10:25:27',2),(12358,24,'2020-01-02 10:25:27',2),(12359,25,'2020-01-02 10:25:27',4),(12360,26,'2020-01-02 10:25:27',2),(12361,27,'2020-01-02 10:25:27',4),(12362,28,'2020-01-02 10:25:27',2),(12363,1,'2020-01-02 10:25:27',2),(12364,2,'2020-01-02 10:25:27',2),(12365,3,'2020-01-02 10:25:27',2),(12366,4,'2020-01-02 10:25:27',2),(12367,5,'2020-01-02 10:25:27',2),(12368,6,'2020-01-02 10:25:27',2),(12369,7,'2020-01-02 10:25:27',2),(12370,8,'2020-01-02 10:25:36',2),(12371,9,'2020-01-02 10:25:36',2),(12372,10,'2020-01-02 10:25:36',2),(12373,11,'2020-01-02 10:25:36',2),(12374,12,'2020-01-02 10:25:36',4),(12375,13,'2020-01-02 10:25:36',2),(12376,14,'2020-01-02 10:25:36',2),(12377,15,'2020-01-02 10:30:06',6),(12378,16,'2020-01-02 10:30:06',4),(12379,17,'2020-01-02 10:30:06',4),(12380,18,'2020-01-02 10:30:06',4),(12381,19,'2020-01-02 10:30:06',5),(12382,20,'2020-01-02 10:30:06',5),(12383,21,'2020-01-02 10:30:06',6),(12384,22,'2020-01-02 10:30:27',4),(12385,23,'2020-01-02 10:30:27',2),(12386,24,'2020-01-02 10:30:27',2),(12387,25,'2020-01-02 10:30:27',4),(12388,26,'2020-01-02 10:30:27',2),(12389,27,'2020-01-02 10:30:27',4),(12390,28,'2020-01-02 10:30:27',2),(12391,1,'2020-01-02 10:30:27',2),(12392,2,'2020-01-02 10:30:27',2),(12393,3,'2020-01-02 10:30:27',2),(12394,4,'2020-01-02 10:30:27',2),(12395,5,'2020-01-02 10:30:27',2),(12396,6,'2020-01-02 10:30:27',2),(12397,7,'2020-01-02 10:30:27',2),(12398,8,'2020-01-02 10:30:36',2),(12399,9,'2020-01-02 10:30:36',2),(12400,10,'2020-01-02 10:30:36',2),(12401,11,'2020-01-02 10:30:36',2),(12402,12,'2020-01-02 10:30:36',4),(12403,13,'2020-01-02 10:30:36',2),(12404,14,'2020-01-02 10:30:36',2),(12405,15,'2020-01-02 10:35:07',6),(12406,16,'2020-01-02 10:35:07',6),(12407,17,'2020-01-02 10:35:07',6),(12408,18,'2020-01-02 10:35:07',6),(12409,19,'2020-01-02 10:35:07',6),(12410,20,'2020-01-02 10:35:07',6),(12411,21,'2020-01-02 10:35:07',8),(12412,22,'2020-01-02 10:35:27',7),(12413,23,'2020-01-02 10:35:27',4),(12414,24,'2020-01-02 10:35:27',4),(12415,25,'2020-01-02 10:35:27',7),(12416,26,'2020-01-02 10:35:27',5),(12417,27,'2020-01-02 10:35:27',7),(12418,28,'2020-01-02 10:35:27',3),(12419,1,'2020-01-02 10:35:27',3),(12420,2,'2020-01-02 10:35:27',3),(12421,3,'2020-01-02 10:35:27',4),(12422,4,'2020-01-02 10:35:27',3),(12423,5,'2020-01-02 10:35:27',3),(12424,6,'2020-01-02 10:35:27',3),(12425,7,'2020-01-02 10:35:27',4),(12426,8,'2020-01-02 10:35:36',4),(12427,9,'2020-01-02 10:35:36',6),(12428,10,'2020-01-02 10:35:36',4),(12429,11,'2020-01-02 10:35:36',4),(12430,12,'2020-01-02 10:35:36',6),(12431,13,'2020-01-02 10:35:36',5),(12432,14,'2020-01-02 10:35:36',5),(12433,15,'2020-01-02 10:40:07',4),(12434,16,'2020-01-02 10:40:07',2),(12435,17,'2020-01-02 10:40:07',2),(12436,18,'2020-01-02 10:40:07',2),(12437,19,'2020-01-02 10:40:07',2),(12438,20,'2020-01-02 10:40:07',2),(12439,21,'2020-01-02 10:40:07',4),(12440,1,'2020-01-02 10:40:27',4),(12441,2,'2020-01-02 10:40:27',3),(12442,3,'2020-01-02 10:40:27',4),(12443,4,'2020-01-02 10:40:27',5),(12444,5,'2020-01-02 10:40:27',5),(12445,6,'2020-01-02 10:40:27',5),(12446,7,'2020-01-02 10:40:27',5),(12447,22,'2020-01-02 10:40:27',4),(12448,23,'2020-01-02 10:40:27',2),(12449,24,'2020-01-02 10:40:27',2),(12450,25,'2020-01-02 10:40:27',4),(12451,26,'2020-01-02 10:40:27',2),(12452,27,'2020-01-02 10:40:27',4),(12453,28,'2020-01-02 10:40:27',2),(12454,8,'2020-01-02 10:40:36',2),(12455,9,'2020-01-02 10:40:36',2),(12456,10,'2020-01-02 10:40:36',2),(12457,11,'2020-01-02 10:40:36',2),(12458,12,'2020-01-02 10:40:36',4),(12459,13,'2020-01-02 10:40:36',2),(12460,14,'2020-01-02 10:40:36',2),(12461,15,'2020-01-02 10:45:07',4),(12462,16,'2020-01-02 10:45:07',2),(12463,17,'2020-01-02 10:45:07',2),(12464,18,'2020-01-02 10:45:07',2),(12465,19,'2020-01-02 10:45:07',2),(12466,20,'2020-01-02 10:45:07',2),(12467,21,'2020-01-02 10:45:07',4),(12468,1,'2020-01-02 10:45:27',2),(12469,2,'2020-01-02 10:45:27',2),(12470,3,'2020-01-02 10:45:27',2),(12471,4,'2020-01-02 10:45:27',2),(12472,5,'2020-01-02 10:45:27',2),(12473,6,'2020-01-02 10:45:27',2),(12474,7,'2020-01-02 10:45:27',2),(12475,22,'2020-01-02 10:45:27',4),(12476,23,'2020-01-02 10:45:27',2),(12477,24,'2020-01-02 10:45:27',2),(12478,25,'2020-01-02 10:45:27',4),(12479,26,'2020-01-02 10:45:27',2),(12480,27,'2020-01-02 10:45:27',5),(12481,28,'2020-01-02 10:45:27',2),(12482,8,'2020-01-02 10:45:36',2),(12483,9,'2020-01-02 10:45:36',2),(12484,10,'2020-01-02 10:45:36',2),(12485,11,'2020-01-02 10:45:36',2),(12486,12,'2020-01-02 10:45:36',4),(12487,13,'2020-01-02 10:45:36',2),(12488,14,'2020-01-02 10:45:36',2),(12489,15,'2020-01-02 10:50:07',4),(12490,16,'2020-01-02 10:50:07',2),(12491,17,'2020-01-02 10:50:07',2),(12492,18,'2020-01-02 10:50:07',2),(12493,19,'2020-01-02 10:50:07',2),(12494,20,'2020-01-02 10:50:07',2),(12495,21,'2020-01-02 10:50:07',4),(12496,1,'2020-01-02 10:50:27',2),(12497,2,'2020-01-02 10:50:27',2),(12498,3,'2020-01-02 10:50:27',2),(12499,4,'2020-01-02 10:50:27',2),(12500,5,'2020-01-02 10:50:27',2),(12501,6,'2020-01-02 10:50:27',2),(12502,7,'2020-01-02 10:50:27',2),(12503,22,'2020-01-02 10:50:28',6),(12504,23,'2020-01-02 10:50:28',5),(12505,24,'2020-01-02 10:50:28',4),(12506,25,'2020-01-02 10:50:28',8),(12507,26,'2020-01-02 10:50:28',7),(12508,27,'2020-01-02 10:50:28',7),(12509,28,'2020-01-02 10:50:28',3),(12510,8,'2020-01-02 10:50:36',2),(12511,9,'2020-01-02 10:50:36',2),(12512,10,'2020-01-02 10:50:36',2),(12513,11,'2020-01-02 10:50:36',2),(12514,12,'2020-01-02 10:50:36',4),(12515,13,'2020-01-02 10:50:36',2),(12516,14,'2020-01-02 10:50:36',2),(12517,15,'2020-01-02 10:55:07',4),(12518,16,'2020-01-02 10:55:07',2),(12519,17,'2020-01-02 10:55:07',2),(12520,18,'2020-01-02 10:55:07',2),(12521,19,'2020-01-02 10:55:07',2),(12522,20,'2020-01-02 10:55:07',2),(12523,21,'2020-01-02 10:55:07',4),(12524,1,'2020-01-02 10:55:28',2),(12525,2,'2020-01-02 10:55:28',2),(12526,3,'2020-01-02 10:55:28',2),(12527,4,'2020-01-02 10:55:28',2),(12528,5,'2020-01-02 10:55:28',2),(12529,6,'2020-01-02 10:55:28',2),(12530,7,'2020-01-02 10:55:28',2),(12531,22,'2020-01-02 10:55:28',4),(12532,23,'2020-01-02 10:55:28',2),(12533,24,'2020-01-02 10:55:28',2),(12534,25,'2020-01-02 10:55:28',4),(12535,26,'2020-01-02 10:55:28',2),(12536,27,'2020-01-02 10:55:28',4),(12537,28,'2020-01-02 10:55:28',2),(12538,8,'2020-01-02 10:55:36',4),(12539,9,'2020-01-02 10:55:36',4),(12540,10,'2020-01-02 10:55:36',4),(12541,11,'2020-01-02 10:55:36',4),(12542,12,'2020-01-02 10:55:36',5),(12543,13,'2020-01-02 10:55:36',4),(12544,14,'2020-01-02 10:55:36',4),(12545,15,'2020-01-02 11:00:07',4),(12546,16,'2020-01-02 11:00:07',2),(12547,17,'2020-01-02 11:00:07',2),(12548,18,'2020-01-02 11:00:07',2),(12549,19,'2020-01-02 11:00:07',2),(12550,20,'2020-01-02 11:00:07',2),(12551,21,'2020-01-02 11:00:07',4),(12552,1,'2020-01-02 11:00:28',2),(12553,2,'2020-01-02 11:00:28',2),(12554,3,'2020-01-02 11:00:28',2),(12555,4,'2020-01-02 11:00:28',2),(12556,5,'2020-01-02 11:00:28',2),(12557,6,'2020-01-02 11:00:28',2),(12558,7,'2020-01-02 11:00:28',2),(12559,22,'2020-01-02 11:00:28',4),(12560,23,'2020-01-02 11:00:28',2),(12561,24,'2020-01-02 11:00:28',2),(12562,25,'2020-01-02 11:00:28',4),(12563,26,'2020-01-02 11:00:28',2),(12564,27,'2020-01-02 11:00:28',4),(12565,28,'2020-01-02 11:00:28',2),(12566,8,'2020-01-02 11:00:37',2),(12567,9,'2020-01-02 11:00:37',2),(12568,10,'2020-01-02 11:00:37',2),(12569,11,'2020-01-02 11:00:37',2),(12570,12,'2020-01-02 11:00:37',4),(12571,13,'2020-01-02 11:00:37',2),(12572,14,'2020-01-02 11:00:37',2),(12573,15,'2020-01-02 11:05:07',4),(12574,16,'2020-01-02 11:05:07',2),(12575,17,'2020-01-02 11:05:07',2),(12576,18,'2020-01-02 11:05:07',2),(12577,19,'2020-01-02 11:05:07',2),(12578,20,'2020-01-02 11:05:07',2),(12579,21,'2020-01-02 11:05:07',4),(12580,1,'2020-01-02 11:05:28',2),(12581,2,'2020-01-02 11:05:28',2),(12582,3,'2020-01-02 11:05:28',2),(12583,4,'2020-01-02 11:05:28',2),(12584,5,'2020-01-02 11:05:28',2),(12585,6,'2020-01-02 11:05:28',2),(12586,7,'2020-01-02 11:05:28',2),(12587,22,'2020-01-02 11:05:28',4),(12588,23,'2020-01-02 11:05:28',2),(12589,24,'2020-01-02 11:05:28',2),(12590,25,'2020-01-02 11:05:28',4),(12591,26,'2020-01-02 11:05:28',2),(12592,27,'2020-01-02 11:05:28',4),(12593,28,'2020-01-02 11:05:28',2),(12594,8,'2020-01-02 11:05:37',2),(12595,9,'2020-01-02 11:05:37',2),(12596,10,'2020-01-02 11:05:37',2),(12597,11,'2020-01-02 11:05:37',2),(12598,12,'2020-01-02 11:05:37',4),(12599,13,'2020-01-02 11:05:37',2),(12600,14,'2020-01-02 11:05:37',2),(12601,15,'2020-01-02 11:10:08',4),(12602,16,'2020-01-02 11:10:08',2),(12603,17,'2020-01-02 11:10:08',2),(12604,18,'2020-01-02 11:10:08',2),(12605,19,'2020-01-02 11:10:08',2),(12606,20,'2020-01-02 11:10:08',2),(12607,21,'2020-01-02 11:10:08',4),(12608,1,'2020-01-02 11:10:28',2),(12609,2,'2020-01-02 11:10:28',2),(12610,3,'2020-01-02 11:10:28',2),(12611,4,'2020-01-02 11:10:28',2),(12612,5,'2020-01-02 11:10:28',2),(12613,6,'2020-01-02 11:10:28',2),(12614,7,'2020-01-02 11:10:28',2),(12615,22,'2020-01-02 11:10:28',5),(12616,23,'2020-01-02 11:10:28',2),(12617,24,'2020-01-02 11:10:28',2),(12618,25,'2020-01-02 11:10:28',4),(12619,26,'2020-01-02 11:10:28',2),(12620,27,'2020-01-02 11:10:28',4),(12621,28,'2020-01-02 11:10:28',2),(12622,8,'2020-01-02 11:10:37',2),(12623,9,'2020-01-02 11:10:37',2),(12624,10,'2020-01-02 11:10:37',2),(12625,11,'2020-01-02 11:10:37',2),(12626,12,'2020-01-02 11:10:37',5),(12627,13,'2020-01-02 11:10:37',3),(12628,14,'2020-01-02 11:10:37',2),(12629,15,'2020-01-02 11:15:08',5),(12630,16,'2020-01-02 11:15:08',3),(12631,17,'2020-01-02 11:15:08',3),(12632,18,'2020-01-02 11:15:08',3),(12633,19,'2020-01-02 11:15:08',3),(12634,20,'2020-01-02 11:15:08',3),(12635,21,'2020-01-02 11:15:08',5),(12636,1,'2020-01-02 11:15:28',2),(12637,2,'2020-01-02 11:15:28',3),(12638,3,'2020-01-02 11:15:28',3),(12639,4,'2020-01-02 11:15:28',2),(12640,5,'2020-01-02 11:15:28',3),(12641,6,'2020-01-02 11:15:28',2),(12642,7,'2020-01-02 11:15:28',3),(12643,22,'2020-01-02 11:15:28',5),(12644,23,'2020-01-02 11:15:28',3),(12645,24,'2020-01-02 11:15:28',3),(12646,25,'2020-01-02 11:15:28',4),(12647,26,'2020-01-02 11:15:28',3),(12648,27,'2020-01-02 11:15:28',5),(12649,28,'2020-01-02 11:15:28',3),(12650,8,'2020-01-02 11:15:37',3),(12651,9,'2020-01-02 11:15:37',3),(12652,10,'2020-01-02 11:15:37',3),(12653,11,'2020-01-02 11:15:37',3),(12654,12,'2020-01-02 11:15:37',5),(12655,13,'2020-01-02 11:15:37',3),(12656,14,'2020-01-02 11:15:37',3),(12657,15,'2020-01-02 11:20:08',4),(12658,16,'2020-01-02 11:20:08',2),(12659,17,'2020-01-02 11:20:08',2),(12660,18,'2020-01-02 11:20:08',2),(12661,19,'2020-01-02 11:20:08',2),(12662,20,'2020-01-02 11:20:08',2),(12663,21,'2020-01-02 11:20:08',4),(12664,1,'2020-01-02 11:20:28',2),(12665,2,'2020-01-02 11:20:28',2),(12666,3,'2020-01-02 11:20:28',2),(12667,4,'2020-01-02 11:20:28',2),(12668,5,'2020-01-02 11:20:28',2),(12669,6,'2020-01-02 11:20:28',2),(12670,7,'2020-01-02 11:20:28',2),(12671,22,'2020-01-02 11:20:28',4),(12672,23,'2020-01-02 11:20:28',2),(12673,24,'2020-01-02 11:20:28',2),(12674,25,'2020-01-02 11:20:28',4),(12675,26,'2020-01-02 11:20:28',2),(12676,27,'2020-01-02 11:20:28',4),(12677,28,'2020-01-02 11:20:28',2),(12678,8,'2020-01-02 11:20:37',2),(12679,9,'2020-01-02 11:20:37',2),(12680,10,'2020-01-02 11:20:37',2),(12681,11,'2020-01-02 11:20:37',2),(12682,12,'2020-01-02 11:20:37',4),(12683,13,'2020-01-02 11:20:37',2),(12684,14,'2020-01-02 11:20:37',2),(12685,15,'2020-01-02 11:25:08',4),(12686,16,'2020-01-02 11:25:08',2),(12687,17,'2020-01-02 11:25:08',2),(12688,18,'2020-01-02 11:25:08',2),(12689,19,'2020-01-02 11:25:08',2),(12690,20,'2020-01-02 11:25:08',2),(12691,21,'2020-01-02 11:25:08',4),(12692,1,'2020-01-02 11:25:28',2),(12693,2,'2020-01-02 11:25:28',2),(12694,3,'2020-01-02 11:25:28',2),(12695,4,'2020-01-02 11:25:28',2),(12696,5,'2020-01-02 11:25:28',2),(12697,6,'2020-01-02 11:25:28',2),(12698,7,'2020-01-02 11:25:28',2),(12699,22,'2020-01-02 11:25:28',4),(12700,23,'2020-01-02 11:25:28',2),(12701,24,'2020-01-02 11:25:28',2),(12702,25,'2020-01-02 11:25:28',4),(12703,26,'2020-01-02 11:25:28',2),(12704,27,'2020-01-02 11:25:28',4),(12705,28,'2020-01-02 11:25:28',2),(12706,8,'2020-01-02 11:25:37',2),(12707,9,'2020-01-02 11:25:37',2),(12708,10,'2020-01-02 11:25:37',2),(12709,11,'2020-01-02 11:25:37',2),(12710,12,'2020-01-02 11:25:37',4),(12711,13,'2020-01-02 11:25:37',3),(12712,14,'2020-01-02 11:25:37',2);
/*!40000 ALTER TABLE `vm_resource_usage` ENABLE KEYS */;
UNLOCK TABLES;

--
-- Table structure for table `vms`
--

DROP TABLE IF EXISTS `vms`;
/*!40101 SET @saved_cs_client     = @@character_set_client */;
/*!40101 SET character_set_client = utf8 */;
CREATE TABLE `vms` (
  `id` int(11) NOT NULL AUTO_INCREMENT,
  `uuid` varchar(36) NOT NULL,
  PRIMARY KEY (`id`)
) ENGINE=InnoDB AUTO_INCREMENT=29 DEFAULT CHARSET=utf8;
/*!40101 SET character_set_client = @saved_cs_client */;

--
-- Dumping data for table `vms`
--

LOCK TABLES `vms` WRITE;
/*!40000 ALTER TABLE `vms` DISABLE KEYS */;
INSERT INTO `vms` VALUES (1,'c6526d6b-ca12-4032-837e-a639a99bcd03'),(2,'41c4e3b8-4841-4674-98f1-801fa6bc540f'),(3,'69928292-aa3a-4a9b-9bd7-548f86a603f7'),(4,'bb25db2f-f7b9-415b-a559-9a80f0560d8d'),(5,'189faeac-02f9-4fc6-a838-296e6e8a9bdd'),(6,'ebd03e16-5c44-4e0f-8722-4f87495288e1'),(7,'c4302f0b-a737-45d5-a2fd-8e7e17ef4fb6'),(8,'61d6fda7-0962-453a-ace7-ce4cde951feb'),(9,'8b5e9892-57bf-42d6-82bc-70b396118ad8'),(10,'b0621ec2-3c98-4949-9c78-f7dbc1d3995e'),(11,'e2474ca3-6a3a-4c6b-bdec-d00f14dcb034'),(12,'993fe52c-99d1-40c9-8fe8-91a7be2f0b87'),(13,'d63d4ecc-83c6-4f5a-9723-06eaf3ecf1ab'),(14,'27cf0b42-1dc7-46a0-8ff5-2f9959b913ec'),(15,'0f602bf3-0af2-408e-8bbc-dc86b36e84a9'),(16,'e48e9fcd-c497-472d-9708-ccaef560721f'),(17,'a97f986b-3d30-4e87-934e-d94465f9d70d'),(18,'d9149053-27f6-457b-a400-43a98563928f'),(19,'dff8dd50-2953-45a3-bce6-25143759eeef'),(20,'12bc7a26-ea81-48c6-8344-042b6284e632'),(21,'a1126de3-9f8a-43e6-ae86-9e667bb20435'),(22,'a3f8d669-368d-4746-9792-15dc1efdf89a'),(23,'a14f6f4b-0f3f-4d7b-bf40-518e57ef54da'),(24,'054da36b-845d-49f8-a614-63fbdf47b3cf'),(25,'86bc92cc-806c-4184-b7d4-94e3c6d9aefe'),(26,'3269d2fc-e392-4744-8a6e-a108ece27282'),(27,'f544780e-b17f-4ccb-8899-e76576d5610d'),(28,'cf294c90-d271-40fa-894d-362cb6481fac');
/*!40000 ALTER TABLE `vms` ENABLE KEYS */;
UNLOCK TABLES;
/*!40103 SET TIME_ZONE=@OLD_TIME_ZONE */;

/*!40101 SET SQL_MODE=@OLD_SQL_MODE */;
/*!40014 SET FOREIGN_KEY_CHECKS=@OLD_FOREIGN_KEY_CHECKS */;
/*!40014 SET UNIQUE_CHECKS=@OLD_UNIQUE_CHECKS */;
/*!40101 SET CHARACTER_SET_CLIENT=@OLD_CHARACTER_SET_CLIENT */;
/*!40101 SET CHARACTER_SET_RESULTS=@OLD_CHARACTER_SET_RESULTS */;
/*!40101 SET COLLATION_CONNECTION=@OLD_COLLATION_CONNECTION */;
/*!40111 SET SQL_NOTES=@OLD_SQL_NOTES */;

-- Dump completed on 2020-01-02 11:26:32
