-- MySQL dump 10.15  Distrib 10.0.38-MariaDB, for debian-linux-gnu (x86_64)
--
-- Host: localhost    Database: neat
-- ------------------------------------------------------
-- Server version	10.0.38-MariaDB-0ubuntu0.16.04.1

/*!40101 SET @OLD_CHARACTER_SET_CLIENT=@@CHARACTER_SET_CLIENT */;
/*!40101 SET @OLD_CHARACTER_SET_RESULTS=@@CHARACTER_SET_RESULTS */;
/*!40101 SET @OLD_COLLATION_CONNECTION=@@COLLATION_CONNECTION */;
/*!40101 SET NAMES utf8mb4 */;
/*!40103 SET @OLD_TIME_ZONE=@@TIME_ZONE */;
/*!40103 SET TIME_ZONE='+00:00' */;
/*!40014 SET @OLD_UNIQUE_CHECKS=@@UNIQUE_CHECKS, UNIQUE_CHECKS=0 */;
/*!40014 SET @OLD_FOREIGN_KEY_CHECKS=@@FOREIGN_KEY_CHECKS, FOREIGN_KEY_CHECKS=0 */;
/*!40101 SET @OLD_SQL_MODE=@@SQL_MODE, SQL_MODE='NO_AUTO_VALUE_ON_ZERO' */;
/*!40111 SET @OLD_SQL_NOTES=@@SQL_NOTES, SQL_NOTES=0 */;

--
-- Table structure for table `host_overload`
--

DROP TABLE IF EXISTS `host_overload`;
/*!40101 SET @saved_cs_client     = @@character_set_client */;
/*!40101 SET character_set_client = utf8 */;
CREATE TABLE `host_overload` (
  `id` int(11) NOT NULL AUTO_INCREMENT,
  `host_id` int(11) NOT NULL,
  `timestamp` datetime DEFAULT NULL,
  `overload` int(11) NOT NULL,
  PRIMARY KEY (`id`),
  KEY `host_id` (`host_id`),
  CONSTRAINT `host_overload_ibfk_1` FOREIGN KEY (`host_id`) REFERENCES `hosts` (`id`)
) ENGINE=InnoDB AUTO_INCREMENT=109 DEFAULT CHARSET=utf8;
/*!40101 SET character_set_client = @saved_cs_client */;

--
-- Dumping data for table `host_overload`
--

LOCK TABLES `host_overload` WRITE;
/*!40000 ALTER TABLE `host_overload` DISABLE KEYS */;
INSERT INTO `host_overload` VALUES (1,2,'2020-01-05 22:15:20',0),(2,3,'2020-01-05 22:15:22',0),(3,4,'2020-01-05 22:15:23',0),(4,1,'2020-01-05 22:15:26',0),(5,4,'2020-01-05 22:35:25',1),(6,3,'2020-01-05 22:40:23',1),(7,3,'2020-01-05 22:45:24',0),(8,2,'2020-01-05 22:53:06',1),(9,3,'2020-01-05 23:20:26',1),(10,3,'2020-01-05 23:35:28',0),(11,3,'2020-01-05 23:45:29',1),(12,3,'2020-01-05 23:55:30',0),(13,3,'2020-01-06 00:05:30',1),(14,3,'2020-01-06 00:15:31',0),(15,3,'2020-01-06 00:20:32',1),(16,3,'2020-01-06 00:25:32',0),(17,3,'2020-01-06 00:40:33',1),(18,3,'2020-01-06 01:55:40',0),(19,3,'2020-01-06 02:05:40',1),(20,3,'2020-01-06 02:30:42',0),(21,3,'2020-01-06 02:35:43',1),(22,3,'2020-01-06 03:25:47',0),(23,3,'2020-01-06 03:30:48',1),(24,3,'2020-01-06 04:25:54',0),(25,3,'2020-01-06 04:35:56',1),(26,3,'2020-01-06 04:55:59',0),(27,3,'2020-01-06 05:01:00',1),(28,3,'2020-01-06 05:11:02',0),(29,3,'2020-01-06 05:26:03',1),(30,4,'2020-01-06 06:56:35',0),(31,4,'2020-01-06 07:11:37',1),(32,4,'2020-01-06 08:01:43',0),(33,4,'2020-01-06 08:06:43',1),(34,4,'2020-01-06 08:56:47',0),(35,4,'2020-01-06 09:31:51',1),(36,4,'2020-01-06 09:36:52',0),(37,4,'2020-01-06 09:41:52',1),(38,4,'2020-01-06 09:46:52',0),(39,4,'2020-01-06 09:51:53',1),(40,4,'2020-01-06 10:06:55',0),(41,4,'2020-01-06 10:11:55',1),(42,4,'2020-01-06 10:16:56',0),(43,4,'2020-01-06 10:26:58',1),(44,4,'2020-01-06 11:07:03',0),(45,4,'2020-01-06 12:07:07',1),(46,2,'2020-01-06 12:19:43',0),(47,2,'2020-01-06 12:24:44',1),(48,2,'2020-01-06 12:29:44',0),(49,2,'2020-01-06 12:34:45',1),(50,3,'2020-01-06 12:36:57',0),(51,2,'2020-01-06 12:39:45',0),(52,3,'2020-01-06 12:41:58',1),(53,2,'2020-01-06 12:59:45',1),(54,2,'2020-01-06 13:04:46',0),(55,2,'2020-01-06 13:09:46',1),(56,2,'2020-01-06 13:14:46',0),(57,2,'2020-01-06 13:19:47',1),(58,2,'2020-01-06 13:24:47',0),(59,2,'2020-01-06 13:44:48',1),(60,2,'2020-01-06 13:54:50',0),(61,2,'2020-01-06 13:59:50',1),(62,2,'2020-01-06 14:04:50',0),(63,3,'2020-01-06 15:02:15',0),(64,3,'2020-01-06 15:12:18',1),(65,2,'2020-01-06 15:14:58',1),(66,4,'2020-01-06 15:22:31',0),(67,2,'2020-01-06 15:24:58',0),(68,4,'2020-01-06 15:27:31',1),(69,4,'2020-01-06 15:32:31',0),(70,4,'2020-01-06 15:37:32',1),(71,4,'2020-01-06 15:42:32',0),(72,4,'2020-01-06 15:47:33',1),(73,2,'2020-01-06 15:50:00',1),(74,2,'2020-01-06 16:00:01',0),(75,2,'2020-01-06 16:10:01',1),(76,2,'2020-01-06 16:15:01',0),(77,4,'2020-01-06 16:32:38',0),(78,4,'2020-01-06 16:37:38',1),(79,4,'2020-01-06 16:42:39',0),(80,4,'2020-01-06 16:47:40',1),(81,4,'2020-01-06 16:52:40',0),(82,4,'2020-01-06 17:02:41',1),(83,4,'2020-01-06 17:32:46',0),(84,4,'2020-01-06 17:37:46',1),(85,4,'2020-01-06 17:52:49',0),(86,4,'2020-01-06 18:17:51',1),(87,2,'2020-01-06 18:20:09',1),(88,2,'2020-01-06 18:25:09',0),(89,4,'2020-01-06 18:42:53',0),(90,4,'2020-01-06 18:57:53',1),(91,4,'2020-01-06 19:07:54',0),(92,4,'2020-01-06 19:17:55',1),(93,4,'2020-01-06 19:27:56',0),(94,4,'2020-01-06 19:32:56',1),(95,4,'2020-01-06 19:37:57',0),(96,4,'2020-01-06 19:52:58',1),(97,4,'2020-01-06 20:02:58',0),(98,4,'2020-01-06 20:07:58',1),(99,4,'2020-01-06 20:12:59',0),(100,4,'2020-01-06 20:23:00',1),(101,4,'2020-01-06 20:33:02',0),(102,4,'2020-01-06 20:43:04',1),(103,3,'2020-01-06 21:03:03',0),(104,3,'2020-01-06 21:08:03',1),(105,3,'2020-01-06 21:28:06',0),(106,3,'2020-01-06 21:33:06',1),(107,3,'2020-01-06 22:38:13',0),(108,4,'2020-01-06 22:38:21',0);
/*!40000 ALTER TABLE `host_overload` ENABLE KEYS */;
UNLOCK TABLES;

--
-- Table structure for table `host_resource_usage`
--

DROP TABLE IF EXISTS `host_resource_usage`;
/*!40101 SET @saved_cs_client     = @@character_set_client */;
/*!40101 SET character_set_client = utf8 */;
CREATE TABLE `host_resource_usage` (
  `id` int(11) NOT NULL AUTO_INCREMENT,
  `host_id` int(11) NOT NULL,
  `timestamp` datetime DEFAULT NULL,
  `cpu_mhz` int(11) NOT NULL,
  PRIMARY KEY (`id`),
  KEY `host_id` (`host_id`),
  CONSTRAINT `host_resource_usage_ibfk_1` FOREIGN KEY (`host_id`) REFERENCES `hosts` (`id`)
) ENGINE=InnoDB AUTO_INCREMENT=1203 DEFAULT CHARSET=utf8;
/*!40101 SET character_set_client = @saved_cs_client */;

--
-- Dumping data for table `host_resource_usage`
--

LOCK TABLES `host_resource_usage` WRITE;
/*!40000 ALTER TABLE `host_resource_usage` DISABLE KEYS */;
INSERT INTO `host_resource_usage` VALUES (1047,2,'2020-01-06 20:10:17',0),(1048,1,'2020-01-06 20:10:59',56),(1049,3,'2020-01-06 20:12:57',277),(1050,4,'2020-01-06 20:12:59',0),(1051,2,'2020-01-06 20:15:17',0),(1052,1,'2020-01-06 20:15:59',64),(1053,3,'2020-01-06 20:17:58',297),(1054,4,'2020-01-06 20:18:00',0),(1055,2,'2020-01-06 20:20:18',0),(1056,1,'2020-01-06 20:20:59',53),(1057,3,'2020-01-06 20:22:58',311),(1058,4,'2020-01-06 20:23:00',0),(1059,2,'2020-01-06 20:25:18',0),(1060,1,'2020-01-06 20:25:59',59),(1061,3,'2020-01-06 20:28:01',301),(1062,4,'2020-01-06 20:28:01',0),(1063,2,'2020-01-06 20:30:18',0),(1064,1,'2020-01-06 20:30:59',64),(1065,3,'2020-01-06 20:33:01',825),(1066,4,'2020-01-06 20:33:02',176),(1067,2,'2020-01-06 20:35:19',0),(1068,1,'2020-01-06 20:35:59',63),(1069,3,'2020-01-06 20:38:01',380),(1070,4,'2020-01-06 20:38:03',654),(1071,2,'2020-01-06 20:40:19',0),(1072,1,'2020-01-06 20:40:59',46),(1073,3,'2020-01-06 20:43:02',528),(1074,4,'2020-01-06 20:43:04',1347),(1075,2,'2020-01-06 20:45:20',0),(1076,1,'2020-01-06 20:45:59',60),(1077,3,'2020-01-06 20:48:02',990),(1078,4,'2020-01-06 20:48:05',1352),(1079,2,'2020-01-06 20:50:20',0),(1080,1,'2020-01-06 20:50:59',43),(1081,3,'2020-01-06 20:53:03',973),(1082,4,'2020-01-06 20:53:06',743),(1083,2,'2020-01-06 20:55:20',0),(1084,1,'2020-01-06 20:55:59',57),(1085,3,'2020-01-06 20:58:03',0),(1086,4,'2020-01-06 20:58:06',421),(1087,2,'2020-01-06 21:00:20',0),(1088,1,'2020-01-06 21:01:00',52),(1089,3,'2020-01-06 21:03:03',0),(1090,4,'2020-01-06 21:03:07',359),(1091,2,'2020-01-06 21:05:21',0),(1092,1,'2020-01-06 21:06:00',55),(1093,3,'2020-01-06 21:08:03',0),(1094,4,'2020-01-06 21:08:08',315),(1095,2,'2020-01-06 21:10:21',0),(1096,1,'2020-01-06 21:11:00',37),(1097,3,'2020-01-06 21:13:04',45),(1098,4,'2020-01-06 21:13:09',338),(1099,2,'2020-01-06 21:15:21',0),(1100,1,'2020-01-06 21:16:00',36),(1101,3,'2020-01-06 21:18:05',0),(1102,4,'2020-01-06 21:18:10',375),(1103,2,'2020-01-06 21:20:21',0),(1104,1,'2020-01-06 21:21:00',42),(1105,3,'2020-01-06 21:23:05',0),(1106,4,'2020-01-06 21:23:11',426),(1107,2,'2020-01-06 21:25:22',0),(1108,1,'2020-01-06 21:26:00',54),(1109,3,'2020-01-06 21:28:06',0),(1110,4,'2020-01-06 21:28:13',426),(1111,2,'2020-01-06 21:30:22',0),(1112,1,'2020-01-06 21:31:00',54),(1113,3,'2020-01-06 21:33:06',435),(1114,4,'2020-01-06 21:33:14',705),(1115,2,'2020-01-06 21:35:22',0),(1116,1,'2020-01-06 21:36:00',53),(1117,3,'2020-01-06 21:38:06',0),(1118,4,'2020-01-06 21:38:15',312),(1119,2,'2020-01-06 21:40:23',0),(1120,1,'2020-01-06 21:41:00',43),(1121,3,'2020-01-06 21:43:06',0),(1122,4,'2020-01-06 21:43:15',334),(1123,2,'2020-01-06 21:45:23',0),(1124,1,'2020-01-06 21:46:00',55),(1125,3,'2020-01-06 21:48:06',150),(1126,4,'2020-01-06 21:48:16',398),(1127,2,'2020-01-06 21:50:23',0),(1128,1,'2020-01-06 21:51:01',59),(1129,3,'2020-01-06 21:53:07',12),(1130,4,'2020-01-06 21:53:16',429),(1131,2,'2020-01-06 21:55:23',0),(1132,1,'2020-01-06 21:56:01',51),(1133,3,'2020-01-06 21:58:08',169),(1134,4,'2020-01-06 21:58:17',324),(1135,2,'2020-01-06 22:00:23',0),(1136,1,'2020-01-06 22:01:01',48),(1137,3,'2020-01-06 22:03:08',167),(1138,4,'2020-01-06 22:03:17',274),(1139,2,'2020-01-06 22:05:24',0),(1140,1,'2020-01-06 22:06:01',57),(1141,3,'2020-01-06 22:08:09',53),(1142,4,'2020-01-06 22:08:17',239),(1143,2,'2020-01-06 22:10:24',0),(1144,1,'2020-01-06 22:11:01',54),(1145,3,'2020-01-06 22:13:10',82),(1146,4,'2020-01-06 22:13:17',240),(1147,2,'2020-01-06 22:15:24',0),(1148,1,'2020-01-06 22:16:01',54),(1149,3,'2020-01-06 22:18:10',0),(1150,4,'2020-01-06 22:18:18',270),(1151,2,'2020-01-06 22:20:24',0),(1152,1,'2020-01-06 22:21:01',42),(1153,3,'2020-01-06 22:23:11',900),(1154,4,'2020-01-06 22:23:20',850),(1155,2,'2020-01-06 22:25:24',1774),(1156,1,'2020-01-06 22:26:01',57),(1157,3,'2020-01-06 22:28:12',745),(1158,4,'2020-01-06 22:28:20',322),(1159,2,'2020-01-06 22:30:24',0),(1160,1,'2020-01-06 22:31:02',57),(1161,3,'2020-01-06 22:33:12',246),(1162,4,'2020-01-06 22:33:20',322),(1163,2,'2020-01-06 22:35:24',0),(1164,1,'2020-01-06 22:36:02',58),(1165,3,'2020-01-06 22:38:13',0),(1166,4,'2020-01-06 22:38:21',0),(1167,2,'2020-01-06 22:40:25',46),(1168,1,'2020-01-06 22:41:02',38),(1169,3,'2020-01-06 22:43:13',0),(1170,4,'2020-01-06 22:43:21',0),(1171,2,'2020-01-06 22:45:25',45),(1172,1,'2020-01-06 22:46:02',33),(1173,3,'2020-01-06 22:48:14',80),(1174,4,'2020-01-06 22:48:22',0),(1175,2,'2020-01-06 22:50:25',38),(1176,1,'2020-01-06 22:51:02',35),(1177,3,'2020-01-06 22:53:14',88),(1178,4,'2020-01-06 22:53:23',0),(1179,2,'2020-01-06 22:55:25',38),(1180,1,'2020-01-06 22:56:02',36),(1181,3,'2020-01-06 22:58:14',65),(1182,4,'2020-01-06 22:58:23',0),(1183,2,'2020-01-06 23:00:25',50),(1184,1,'2020-01-06 23:01:02',41),(1185,3,'2020-01-06 23:03:15',72),(1186,4,'2020-01-06 23:03:23',0),(1187,2,'2020-01-06 23:05:25',51),(1188,1,'2020-01-06 23:06:02',52),(1189,3,'2020-01-06 23:08:15',106),(1190,4,'2020-01-06 23:08:24',0),(1191,2,'2020-01-06 23:10:25',53),(1192,1,'2020-01-06 23:11:02',48),(1193,3,'2020-01-06 23:13:16',75),(1194,4,'2020-01-06 23:13:26',0),(1195,2,'2020-01-06 23:15:25',0),(1196,1,'2020-01-06 23:16:02',47),(1197,3,'2020-01-06 23:18:16',15),(1198,4,'2020-01-06 23:18:26',862),(1199,2,'2020-01-06 23:20:26',3),(1200,1,'2020-01-06 23:21:03',39),(1201,3,'2020-01-06 23:23:16',814),(1202,4,'2020-01-06 23:23:27',22);
/*!40000 ALTER TABLE `host_resource_usage` ENABLE KEYS */;
UNLOCK TABLES;

--
-- Table structure for table `host_states`
--

DROP TABLE IF EXISTS `host_states`;
/*!40101 SET @saved_cs_client     = @@character_set_client */;
/*!40101 SET character_set_client = utf8 */;
CREATE TABLE `host_states` (
  `id` int(11) NOT NULL AUTO_INCREMENT,
  `host_id` int(11) NOT NULL,
  `timestamp` datetime DEFAULT NULL,
  `state` int(11) NOT NULL,
  PRIMARY KEY (`id`),
  KEY `host_id` (`host_id`),
  CONSTRAINT `host_states_ibfk_1` FOREIGN KEY (`host_id`) REFERENCES `hosts` (`id`)
) ENGINE=InnoDB AUTO_INCREMENT=9 DEFAULT CHARSET=utf8;
/*!40101 SET character_set_client = @saved_cs_client */;

--
-- Dumping data for table `host_states`
--

LOCK TABLES `host_states` WRITE;
/*!40000 ALTER TABLE `host_states` DISABLE KEYS */;
INSERT INTO `host_states` VALUES (1,4,'2020-01-05 22:17:56',1),(2,2,'2020-01-05 22:17:56',1),(3,3,'2020-01-05 22:17:56',1),(4,1,'2020-01-05 22:17:56',1),(5,1,'2020-01-05 22:21:08',0),(6,2,'2020-01-06 22:24:28',0),(7,2,'2020-01-06 23:14:56',1),(8,2,'2020-01-06 23:22:03',0);
/*!40000 ALTER TABLE `host_states` ENABLE KEYS */;
UNLOCK TABLES;

--
-- Table structure for table `hosts`
--

DROP TABLE IF EXISTS `hosts`;
/*!40101 SET @saved_cs_client     = @@character_set_client */;
/*!40101 SET character_set_client = utf8 */;
CREATE TABLE `hosts` (
  `id` int(11) NOT NULL AUTO_INCREMENT,
  `hostname` varchar(255) NOT NULL,
  `cpu_mhz` int(11) NOT NULL,
  `cpu_cores` int(11) NOT NULL,
  `ram` int(11) NOT NULL,
  PRIMARY KEY (`id`)
) ENGINE=InnoDB AUTO_INCREMENT=5 DEFAULT CHARSET=utf8;
/*!40101 SET character_set_client = @saved_cs_client */;

--
-- Dumping data for table `hosts`
--

LOCK TABLES `hosts` WRITE;
/*!40000 ALTER TABLE `hosts` DISABLE KEYS */;
INSERT INTO `hosts` VALUES (1,'compute4',8776,4,16041),(2,'compute3',8776,4,16041),(3,'compute2',8776,4,16041),(4,'compute1',8776,4,16041);
/*!40000 ALTER TABLE `hosts` ENABLE KEYS */;
UNLOCK TABLES;

--
-- Table structure for table `vm_migrations`
--

DROP TABLE IF EXISTS `vm_migrations`;
/*!40101 SET @saved_cs_client     = @@character_set_client */;
/*!40101 SET character_set_client = utf8 */;
CREATE TABLE `vm_migrations` (
  `id` int(11) NOT NULL AUTO_INCREMENT,
  `vm_id` int(11) NOT NULL,
  `host_id` int(11) NOT NULL,
  `timestamp` datetime DEFAULT NULL,
  PRIMARY KEY (`id`),
  KEY `vm_id` (`vm_id`),
  KEY `host_id` (`host_id`),
  CONSTRAINT `vm_migrations_ibfk_1` FOREIGN KEY (`vm_id`) REFERENCES `vms` (`id`),
  CONSTRAINT `vm_migrations_ibfk_2` FOREIGN KEY (`host_id`) REFERENCES `hosts` (`id`)
) ENGINE=InnoDB AUTO_INCREMENT=40 DEFAULT CHARSET=utf8;
/*!40101 SET character_set_client = @saved_cs_client */;

--
-- Dumping data for table `vm_migrations`
--

LOCK TABLES `vm_migrations` WRITE;
/*!40000 ALTER TABLE `vm_migrations` DISABLE KEYS */;
INSERT INTO `vm_migrations` VALUES (1,1,2,'2020-01-05 22:16:38'),(2,2,2,'2020-01-05 22:17:32'),(3,3,2,'2020-01-05 22:18:22'),(4,4,2,'2020-01-05 22:18:59'),(5,5,2,'2020-01-05 22:19:43'),(6,6,2,'2020-01-05 22:20:26'),(7,7,2,'2020-01-05 22:21:08'),(8,1,4,'2020-01-05 22:22:54'),(9,2,4,'2020-01-05 22:23:52'),(10,8,4,'2020-01-05 22:24:49'),(11,29,4,'2020-01-05 23:23:24'),(12,22,3,'2020-01-06 06:42:18'),(13,1,3,'2020-01-06 06:49:17'),(14,29,3,'2020-01-06 06:56:12'),(15,15,4,'2020-01-06 11:47:53'),(16,21,4,'2020-01-06 11:54:40'),(17,6,4,'2020-01-06 12:01:43'),(18,4,4,'2020-01-06 12:09:03'),(19,9,4,'2020-01-06 12:15:55'),(20,22,4,'2020-01-06 12:26:58'),(21,5,3,'2020-01-06 12:37:29'),(22,1,4,'2020-01-06 14:44:38'),(23,15,3,'2020-01-06 14:58:28'),(24,22,3,'2020-01-06 15:05:48'),(25,1,3,'2020-01-06 15:12:45'),(26,23,3,'2020-01-06 15:19:46'),(27,24,3,'2020-01-06 15:27:28'),(28,15,4,'2020-01-06 20:31:39'),(29,10,4,'2020-01-06 20:34:10'),(30,22,4,'2020-01-06 20:38:46'),(31,1,4,'2020-01-06 20:45:34'),(32,29,4,'2020-01-06 20:53:07'),(33,15,3,'2020-01-06 21:29:41'),(34,7,4,'2020-01-06 22:21:04'),(35,11,3,'2020-01-06 22:22:16'),(36,12,3,'2020-01-06 22:23:28'),(37,14,3,'2020-01-06 22:24:27'),(38,22,2,'2020-01-06 23:15:47'),(39,22,3,'2020-01-06 23:22:03');
/*!40000 ALTER TABLE `vm_migrations` ENABLE KEYS */;
UNLOCK TABLES;

--
-- Table structure for table `vm_resource_usage`
--

DROP TABLE IF EXISTS `vm_resource_usage`;
/*!40101 SET @saved_cs_client     = @@character_set_client */;
/*!40101 SET character_set_client = utf8 */;
CREATE TABLE `vm_resource_usage` (
  `id` int(11) NOT NULL AUTO_INCREMENT,
  `vm_id` int(11) NOT NULL,
  `timestamp` datetime DEFAULT NULL,
  `cpu_mhz` int(11) NOT NULL,
  PRIMARY KEY (`id`),
  KEY `vm_id` (`vm_id`),
  CONSTRAINT `vm_resource_usage_ibfk_1` FOREIGN KEY (`vm_id`) REFERENCES `vms` (`id`)
) ENGINE=InnoDB AUTO_INCREMENT=8386 DEFAULT CHARSET=utf8;
/*!40101 SET character_set_client = @saved_cs_client */;

--
-- Dumping data for table `vm_resource_usage`
--

LOCK TABLES `vm_resource_usage` WRITE;
/*!40000 ALTER TABLE `vm_resource_usage` DISABLE KEYS */;
INSERT INTO `vm_resource_usage` VALUES (7301,10,'2020-01-06 20:10:17',1284),(7302,11,'2020-01-06 20:10:17',804),(7303,12,'2020-01-06 20:10:17',1182),(7304,3,'2020-01-06 20:10:17',382),(7305,7,'2020-01-06 20:10:17',10),(7306,14,'2020-01-06 20:10:17',320),(7307,15,'2020-01-06 20:12:57',360),(7308,22,'2020-01-06 20:12:57',772),(7309,1,'2020-01-06 20:12:57',872),(7310,2,'2020-01-06 20:12:57',616),(7311,23,'2020-01-06 20:12:57',849),(7312,16,'2020-01-06 20:12:57',15),(7313,17,'2020-01-06 20:12:57',793),(7314,5,'2020-01-06 20:12:57',526),(7315,18,'2020-01-06 20:12:57',760),(7316,20,'2020-01-06 20:12:57',771),(7317,24,'2020-01-06 20:12:57',746),(7318,19,'2020-01-06 20:12:57',661),(7319,278,'2020-01-06 20:12:57',724),(7320,8,'2020-01-06 20:12:59',1371),(7321,4,'2020-01-06 20:12:59',1046),(7322,9,'2020-01-06 20:12:59',763),(7323,25,'2020-01-06 20:12:59',554),(7324,26,'2020-01-06 20:12:59',468),(7325,27,'2020-01-06 20:12:59',980),(7326,6,'2020-01-06 20:12:59',1429),(7327,28,'2020-01-06 20:12:59',23),(7328,21,'2020-01-06 20:12:59',21),(7329,10,'2020-01-06 20:15:17',838),(7330,11,'2020-01-06 20:15:17',1685),(7331,12,'2020-01-06 20:15:17',1278),(7332,3,'2020-01-06 20:15:17',770),(7333,7,'2020-01-06 20:15:17',14),(7334,14,'2020-01-06 20:15:17',1489),(7335,15,'2020-01-06 20:17:58',87),(7336,22,'2020-01-06 20:17:58',875),(7337,1,'2020-01-06 20:17:58',1007),(7338,2,'2020-01-06 20:17:58',192),(7339,23,'2020-01-06 20:17:58',999),(7340,16,'2020-01-06 20:17:58',13),(7341,17,'2020-01-06 20:17:58',565),(7342,5,'2020-01-06 20:17:58',497),(7343,18,'2020-01-06 20:17:58',892),(7344,20,'2020-01-06 20:17:58',892),(7345,24,'2020-01-06 20:17:58',657),(7346,19,'2020-01-06 20:17:58',901),(7347,279,'2020-01-06 20:17:58',859),(7348,8,'2020-01-06 20:18:00',1310),(7349,4,'2020-01-06 20:18:00',234),(7350,9,'2020-01-06 20:18:00',656),(7351,25,'2020-01-06 20:18:00',746),(7352,26,'2020-01-06 20:18:00',1404),(7353,27,'2020-01-06 20:18:00',997),(7354,6,'2020-01-06 20:18:00',1495),(7355,28,'2020-01-06 20:18:00',22),(7356,21,'2020-01-06 20:18:00',10),(7357,10,'2020-01-06 20:20:18',1060),(7358,11,'2020-01-06 20:20:18',1659),(7359,12,'2020-01-06 20:20:18',360),(7360,3,'2020-01-06 20:20:18',700),(7361,7,'2020-01-06 20:20:18',14),(7362,14,'2020-01-06 20:20:18',717),(7363,15,'2020-01-06 20:22:58',16),(7364,22,'2020-01-06 20:22:58',903),(7365,1,'2020-01-06 20:22:58',1133),(7366,2,'2020-01-06 20:22:58',344),(7367,23,'2020-01-06 20:22:58',1093),(7368,16,'2020-01-06 20:22:58',10),(7369,17,'2020-01-06 20:22:58',332),(7370,5,'2020-01-06 20:22:58',690),(7371,18,'2020-01-06 20:22:58',956),(7372,20,'2020-01-06 20:22:58',679),(7373,24,'2020-01-06 20:22:58',654),(7374,19,'2020-01-06 20:22:58',950),(7375,280,'2020-01-06 20:22:58',654),(7376,8,'2020-01-06 20:23:00',1234),(7377,4,'2020-01-06 20:23:00',1321),(7378,9,'2020-01-06 20:23:00',399),(7379,25,'2020-01-06 20:23:00',663),(7380,26,'2020-01-06 20:23:00',1002),(7381,27,'2020-01-06 20:23:00',1179),(7382,6,'2020-01-06 20:23:00',1225),(7383,28,'2020-01-06 20:23:00',19),(7384,21,'2020-01-06 20:23:00',176),(7385,10,'2020-01-06 20:25:18',46),(7386,11,'2020-01-06 20:25:18',1632),(7387,12,'2020-01-06 20:25:18',1138),(7388,3,'2020-01-06 20:25:18',914),(7389,7,'2020-01-06 20:25:18',10),(7390,14,'2020-01-06 20:25:18',1728),(7391,15,'2020-01-06 20:28:00',160),(7392,22,'2020-01-06 20:28:00',822),(7393,1,'2020-01-06 20:28:00',1064),(7394,2,'2020-01-06 20:28:00',783),(7395,23,'2020-01-06 20:28:00',1047),(7396,16,'2020-01-06 20:28:00',18),(7397,17,'2020-01-06 20:28:00',568),(7398,5,'2020-01-06 20:28:00',486),(7399,18,'2020-01-06 20:28:00',808),(7400,20,'2020-01-06 20:28:00',361),(7401,24,'2020-01-06 20:28:00',902),(7402,19,'2020-01-06 20:28:00',913),(7403,281,'2020-01-06 20:28:00',485),(7404,8,'2020-01-06 20:28:00',1196),(7405,4,'2020-01-06 20:28:00',1278),(7406,9,'2020-01-06 20:28:00',620),(7407,25,'2020-01-06 20:28:00',588),(7408,26,'2020-01-06 20:28:00',187),(7409,27,'2020-01-06 20:28:00',1319),(7410,6,'2020-01-06 20:28:00',1265),(7411,28,'2020-01-06 20:28:00',19),(7412,21,'2020-01-06 20:28:00',1304),(7413,10,'2020-01-06 20:30:18',1041),(7414,11,'2020-01-06 20:30:18',928),(7415,12,'2020-01-06 20:30:18',1293),(7416,3,'2020-01-06 20:30:18',360),(7417,7,'2020-01-06 20:30:18',11),(7418,14,'2020-01-06 20:30:18',1646),(7419,22,'2020-01-06 20:33:01',628),(7420,1,'2020-01-06 20:33:01',1063),(7421,2,'2020-01-06 20:33:01',413),(7422,23,'2020-01-06 20:33:01',1072),(7423,16,'2020-01-06 20:33:01',15),(7424,17,'2020-01-06 20:33:01',768),(7425,5,'2020-01-06 20:33:01',496),(7426,18,'2020-01-06 20:33:01',358),(7427,20,'2020-01-06 20:33:01',521),(7428,24,'2020-01-06 20:33:01',762),(7429,19,'2020-01-06 20:33:01',913),(7430,282,'2020-01-06 20:33:01',716),(7431,8,'2020-01-06 20:33:02',1144),(7432,4,'2020-01-06 20:33:02',976),(7433,9,'2020-01-06 20:33:02',980),(7434,25,'2020-01-06 20:33:02',563),(7435,26,'2020-01-06 20:33:02',306),(7436,27,'2020-01-06 20:33:02',1090),(7437,6,'2020-01-06 20:33:02',1248),(7438,28,'2020-01-06 20:33:02',21),(7439,21,'2020-01-06 20:33:02',488),(7440,7,'2020-01-06 20:35:19',12),(7441,11,'2020-01-06 20:35:19',749),(7442,12,'2020-01-06 20:35:19',1370),(7443,14,'2020-01-06 20:35:19',1553),(7444,3,'2020-01-06 20:35:19',336),(7445,22,'2020-01-06 20:38:01',764),(7446,1,'2020-01-06 20:38:01',964),(7447,2,'2020-01-06 20:38:01',742),(7448,23,'2020-01-06 20:38:01',940),(7449,16,'2020-01-06 20:38:01',12),(7450,17,'2020-01-06 20:38:01',776),(7451,5,'2020-01-06 20:38:01',523),(7452,18,'2020-01-06 20:38:01',563),(7453,20,'2020-01-06 20:38:01',830),(7454,24,'2020-01-06 20:38:01',393),(7455,19,'2020-01-06 20:38:01',810),(7456,283,'2020-01-06 20:38:01',810),(7457,15,'2020-01-06 20:38:03',937),(7458,8,'2020-01-06 20:38:03',46),(7459,4,'2020-01-06 20:38:03',81),(7460,9,'2020-01-06 20:38:03',924),(7461,25,'2020-01-06 20:38:03',611),(7462,26,'2020-01-06 20:38:03',689),(7463,27,'2020-01-06 20:38:03',1320),(7464,6,'2020-01-06 20:38:03',724),(7465,28,'2020-01-06 20:38:03',26),(7466,21,'2020-01-06 20:38:03',14),(7467,7,'2020-01-06 20:40:19',9),(7468,11,'2020-01-06 20:40:19',1828),(7469,12,'2020-01-06 20:40:19',477),(7470,14,'2020-01-06 20:40:19',1711),(7471,3,'2020-01-06 20:40:19',551),(7472,1,'2020-01-06 20:43:02',1055),(7473,2,'2020-01-06 20:43:02',571),(7474,23,'2020-01-06 20:43:02',1049),(7475,16,'2020-01-06 20:43:02',9),(7476,17,'2020-01-06 20:43:02',933),(7477,5,'2020-01-06 20:43:02',571),(7478,18,'2020-01-06 20:43:02',829),(7479,20,'2020-01-06 20:43:02',918),(7480,24,'2020-01-06 20:43:02',914),(7481,19,'2020-01-06 20:43:02',793),(7482,284,'2020-01-06 20:43:02',533),(7483,15,'2020-01-06 20:43:04',662),(7484,8,'2020-01-06 20:43:04',989),(7485,4,'2020-01-06 20:43:04',429),(7486,9,'2020-01-06 20:43:04',814),(7487,25,'2020-01-06 20:43:04',667),(7488,26,'2020-01-06 20:43:04',1020),(7489,10,'2020-01-06 20:43:04',897),(7490,27,'2020-01-06 20:43:04',1046),(7491,6,'2020-01-06 20:43:04',307),(7492,28,'2020-01-06 20:43:04',19),(7493,21,'2020-01-06 20:43:04',12),(7494,7,'2020-01-06 20:45:19',9),(7495,11,'2020-01-06 20:45:19',1758),(7496,12,'2020-01-06 20:45:19',260),(7497,14,'2020-01-06 20:45:19',1662),(7498,3,'2020-01-06 20:45:19',1420),(7499,285,'2020-01-06 20:48:02',510),(7500,2,'2020-01-06 20:48:02',756),(7501,23,'2020-01-06 20:48:02',1313),(7502,16,'2020-01-06 20:48:02',17),(7503,17,'2020-01-06 20:48:02',1118),(7504,5,'2020-01-06 20:48:02',267),(7505,18,'2020-01-06 20:48:02',383),(7506,20,'2020-01-06 20:48:02',1028),(7507,24,'2020-01-06 20:48:02',1104),(7508,19,'2020-01-06 20:48:02',1063),(7509,15,'2020-01-06 20:48:05',290),(7510,22,'2020-01-06 20:48:05',985),(7511,8,'2020-01-06 20:48:05',857),(7512,4,'2020-01-06 20:48:05',656),(7513,9,'2020-01-06 20:48:05',659),(7514,25,'2020-01-06 20:48:05',744),(7515,26,'2020-01-06 20:48:05',841),(7516,10,'2020-01-06 20:48:05',454),(7517,27,'2020-01-06 20:48:05',874),(7518,6,'2020-01-06 20:48:05',667),(7519,28,'2020-01-06 20:48:05',20),(7520,21,'2020-01-06 20:48:05',202),(7521,7,'2020-01-06 20:50:20',12),(7522,11,'2020-01-06 20:50:20',1790),(7523,12,'2020-01-06 20:50:20',1304),(7524,14,'2020-01-06 20:50:20',1501),(7525,3,'2020-01-06 20:50:20',420),(7526,2,'2020-01-06 20:53:03',64),(7527,23,'2020-01-06 20:53:03',1558),(7528,16,'2020-01-06 20:53:03',15),(7529,17,'2020-01-06 20:53:03',981),(7530,5,'2020-01-06 20:53:03',628),(7531,18,'2020-01-06 20:53:03',374),(7532,20,'2020-01-06 20:53:03',1126),(7533,24,'2020-01-06 20:53:03',1262),(7534,19,'2020-01-06 20:53:03',1252),(7535,15,'2020-01-06 20:53:06',63),(7536,22,'2020-01-06 20:53:06',1083),(7537,1,'2020-01-06 20:53:06',1059),(7538,8,'2020-01-06 20:53:06',858),(7539,4,'2020-01-06 20:53:06',17),(7540,9,'2020-01-06 20:53:06',726),(7541,25,'2020-01-06 20:53:06',584),(7542,26,'2020-01-06 20:53:06',912),(7543,10,'2020-01-06 20:53:06',99),(7544,27,'2020-01-06 20:53:06',759),(7545,6,'2020-01-06 20:53:06',789),(7546,28,'2020-01-06 20:53:06',17),(7547,21,'2020-01-06 20:53:06',893),(7548,7,'2020-01-06 20:55:20',10),(7549,11,'2020-01-06 20:55:20',1872),(7550,12,'2020-01-06 20:55:20',638),(7551,14,'2020-01-06 20:55:20',213),(7552,3,'2020-01-06 20:55:20',403),(7553,2,'2020-01-06 20:58:03',204),(7554,23,'2020-01-06 20:58:03',1976),(7555,16,'2020-01-06 20:58:03',10),(7556,17,'2020-01-06 20:58:03',997),(7557,5,'2020-01-06 20:58:03',604),(7558,18,'2020-01-06 20:58:03',612),(7559,20,'2020-01-06 20:58:03',1117),(7560,24,'2020-01-06 20:58:03',1353),(7561,19,'2020-01-06 20:58:03',677),(7562,15,'2020-01-06 20:58:06',118),(7563,22,'2020-01-06 20:58:06',1131),(7564,1,'2020-01-06 20:58:06',1093),(7565,8,'2020-01-06 20:58:06',35),(7566,4,'2020-01-06 20:58:06',27),(7567,9,'2020-01-06 20:58:06',727),(7568,25,'2020-01-06 20:58:06',599),(7569,26,'2020-01-06 20:58:06',913),(7570,10,'2020-01-06 20:58:06',465),(7571,27,'2020-01-06 20:58:06',720),(7572,6,'2020-01-06 20:58:06',711),(7573,28,'2020-01-06 20:58:06',44),(7574,21,'2020-01-06 20:58:06',917),(7575,286,'2020-01-06 20:58:06',756),(7576,7,'2020-01-06 21:00:20',21),(7577,11,'2020-01-06 21:00:20',1776),(7578,12,'2020-01-06 21:00:20',965),(7579,14,'2020-01-06 21:00:20',1685),(7580,3,'2020-01-06 21:00:20',703),(7581,2,'2020-01-06 21:03:03',245),(7582,23,'2020-01-06 21:03:03',2058),(7583,16,'2020-01-06 21:03:03',24),(7584,17,'2020-01-06 21:03:03',1369),(7585,5,'2020-01-06 21:03:03',574),(7586,18,'2020-01-06 21:03:03',744),(7587,20,'2020-01-06 21:03:03',922),(7588,24,'2020-01-06 21:03:03',425),(7589,19,'2020-01-06 21:03:03',597),(7590,15,'2020-01-06 21:03:07',517),(7591,22,'2020-01-06 21:03:07',820),(7592,1,'2020-01-06 21:03:07',839),(7593,8,'2020-01-06 21:03:07',772),(7594,4,'2020-01-06 21:03:07',145),(7595,9,'2020-01-06 21:03:07',497),(7596,25,'2020-01-06 21:03:07',552),(7597,26,'2020-01-06 21:03:07',727),(7598,10,'2020-01-06 21:03:07',759),(7599,27,'2020-01-06 21:03:07',721),(7600,6,'2020-01-06 21:03:07',497),(7601,28,'2020-01-06 21:03:07',160),(7602,21,'2020-01-06 21:03:07',734),(7603,287,'2020-01-06 21:03:07',626),(7604,7,'2020-01-06 21:05:20',10),(7605,11,'2020-01-06 21:05:20',980),(7606,12,'2020-01-06 21:05:20',401),(7607,14,'2020-01-06 21:05:20',1608),(7608,3,'2020-01-06 21:05:20',311),(7609,2,'2020-01-06 21:08:03',218),(7610,23,'2020-01-06 21:08:03',2014),(7611,16,'2020-01-06 21:08:03',9),(7612,17,'2020-01-06 21:08:03',1409),(7613,5,'2020-01-06 21:08:03',902),(7614,18,'2020-01-06 21:08:03',950),(7615,20,'2020-01-06 21:08:03',750),(7616,24,'2020-01-06 21:08:03',277),(7617,19,'2020-01-06 21:08:03',1080),(7618,15,'2020-01-06 21:08:08',712),(7619,22,'2020-01-06 21:08:08',802),(7620,1,'2020-01-06 21:08:08',792),(7621,8,'2020-01-06 21:08:08',708),(7622,4,'2020-01-06 21:08:08',560),(7623,9,'2020-01-06 21:08:08',458),(7624,25,'2020-01-06 21:08:08',483),(7625,26,'2020-01-06 21:08:08',697),(7626,10,'2020-01-06 21:08:08',705),(7627,27,'2020-01-06 21:08:08',720),(7628,6,'2020-01-06 21:08:08',538),(7629,28,'2020-01-06 21:08:08',38),(7630,21,'2020-01-06 21:08:08',702),(7631,288,'2020-01-06 21:08:08',495),(7632,7,'2020-01-06 21:10:21',7),(7633,11,'2020-01-06 21:10:21',10),(7634,12,'2020-01-06 21:10:21',790),(7635,14,'2020-01-06 21:10:21',627),(7636,3,'2020-01-06 21:10:21',455),(7637,2,'2020-01-06 21:13:04',336),(7638,23,'2020-01-06 21:13:04',1797),(7639,16,'2020-01-06 21:13:04',10),(7640,17,'2020-01-06 21:13:04',1378),(7641,5,'2020-01-06 21:13:04',520),(7642,18,'2020-01-06 21:13:04',1209),(7643,20,'2020-01-06 21:13:04',1316),(7644,24,'2020-01-06 21:13:04',603),(7645,19,'2020-01-06 21:13:04',1095),(7646,15,'2020-01-06 21:13:09',288),(7647,22,'2020-01-06 21:13:09',1061),(7648,1,'2020-01-06 21:13:09',1048),(7649,8,'2020-01-06 21:13:09',827),(7650,4,'2020-01-06 21:13:09',159),(7651,9,'2020-01-06 21:13:09',524),(7652,25,'2020-01-06 21:13:09',517),(7653,26,'2020-01-06 21:13:09',836),(7654,10,'2020-01-06 21:13:09',843),(7655,27,'2020-01-06 21:13:09',834),(7656,6,'2020-01-06 21:13:09',703),(7657,28,'2020-01-06 21:13:09',144),(7658,21,'2020-01-06 21:13:09',17),(7659,289,'2020-01-06 21:13:09',535),(7660,7,'2020-01-06 21:15:21',11),(7661,11,'2020-01-06 21:15:21',762),(7662,12,'2020-01-06 21:15:21',332),(7663,14,'2020-01-06 21:15:21',182),(7664,3,'2020-01-06 21:15:21',324),(7665,2,'2020-01-06 21:18:05',961),(7666,23,'2020-01-06 21:18:05',1782),(7667,16,'2020-01-06 21:18:05',8),(7668,17,'2020-01-06 21:18:05',1296),(7669,5,'2020-01-06 21:18:05',1014),(7670,18,'2020-01-06 21:18:05',646),(7671,20,'2020-01-06 21:18:05',783),(7672,24,'2020-01-06 21:18:05',703),(7673,19,'2020-01-06 21:18:05',858),(7674,15,'2020-01-06 21:18:10',176),(7675,22,'2020-01-06 21:18:10',899),(7676,1,'2020-01-06 21:18:10',909),(7677,8,'2020-01-06 21:18:10',559),(7678,4,'2020-01-06 21:18:10',620),(7679,9,'2020-01-06 21:18:10',599),(7680,25,'2020-01-06 21:18:10',518),(7681,26,'2020-01-06 21:18:10',634),(7682,10,'2020-01-06 21:18:10',750),(7683,27,'2020-01-06 21:18:10',534),(7684,6,'2020-01-06 21:18:10',713),(7685,28,'2020-01-06 21:18:10',13),(7686,21,'2020-01-06 21:18:10',761),(7687,290,'2020-01-06 21:18:10',645),(7688,7,'2020-01-06 21:20:21',12),(7689,11,'2020-01-06 21:20:21',1837),(7690,12,'2020-01-06 21:20:21',425),(7691,14,'2020-01-06 21:20:21',1678),(7692,3,'2020-01-06 21:20:21',575),(7693,2,'2020-01-06 21:23:05',211),(7694,23,'2020-01-06 21:23:05',2013),(7695,16,'2020-01-06 21:23:05',8),(7696,17,'2020-01-06 21:23:05',688),(7697,5,'2020-01-06 21:23:05',935),(7698,18,'2020-01-06 21:23:05',1411),(7699,20,'2020-01-06 21:23:05',354),(7700,24,'2020-01-06 21:23:05',646),(7701,19,'2020-01-06 21:23:05',917),(7702,15,'2020-01-06 21:23:10',230),(7703,22,'2020-01-06 21:23:10',1143),(7704,1,'2020-01-06 21:23:10',1154),(7705,8,'2020-01-06 21:23:10',251),(7706,4,'2020-01-06 21:23:10',187),(7707,9,'2020-01-06 21:23:10',336),(7708,25,'2020-01-06 21:23:10',479),(7709,26,'2020-01-06 21:23:10',396),(7710,10,'2020-01-06 21:23:10',885),(7711,27,'2020-01-06 21:23:10',825),(7712,6,'2020-01-06 21:23:10',580),(7713,28,'2020-01-06 21:23:10',20),(7714,21,'2020-01-06 21:23:10',927),(7715,291,'2020-01-06 21:23:10',814),(7716,7,'2020-01-06 21:25:22',10),(7717,11,'2020-01-06 21:25:22',1790),(7718,12,'2020-01-06 21:25:22',1258),(7719,14,'2020-01-06 21:25:22',1256),(7720,3,'2020-01-06 21:25:22',394),(7721,2,'2020-01-06 21:28:06',426),(7722,23,'2020-01-06 21:28:06',2061),(7723,16,'2020-01-06 21:28:06',9),(7724,17,'2020-01-06 21:28:06',290),(7725,5,'2020-01-06 21:28:06',309),(7726,18,'2020-01-06 21:28:06',1536),(7727,20,'2020-01-06 21:28:06',314),(7728,24,'2020-01-06 21:28:06',1009),(7729,19,'2020-01-06 21:28:06',895),(7730,15,'2020-01-06 21:28:13',80),(7731,22,'2020-01-06 21:28:13',850),(7732,1,'2020-01-06 21:28:13',862),(7733,8,'2020-01-06 21:28:13',753),(7734,4,'2020-01-06 21:28:13',622),(7735,9,'2020-01-06 21:28:13',407),(7736,25,'2020-01-06 21:28:13',518),(7737,26,'2020-01-06 21:28:13',580),(7738,10,'2020-01-06 21:28:13',753),(7739,27,'2020-01-06 21:28:13',762),(7740,6,'2020-01-06 21:28:13',588),(7741,28,'2020-01-06 21:28:13',21),(7742,21,'2020-01-06 21:28:13',786),(7743,292,'2020-01-06 21:28:13',724),(7744,7,'2020-01-06 21:30:22',16),(7745,11,'2020-01-06 21:30:22',1686),(7746,12,'2020-01-06 21:30:22',1635),(7747,14,'2020-01-06 21:30:22',1469),(7748,3,'2020-01-06 21:30:22',451),(7749,2,'2020-01-06 21:33:06',1041),(7750,23,'2020-01-06 21:33:06',1756),(7751,16,'2020-01-06 21:33:06',14),(7752,17,'2020-01-06 21:33:06',275),(7753,5,'2020-01-06 21:33:06',275),(7754,18,'2020-01-06 21:33:06',1122),(7755,20,'2020-01-06 21:33:06',752),(7756,24,'2020-01-06 21:33:06',1358),(7757,19,'2020-01-06 21:33:06',720),(7758,22,'2020-01-06 21:33:14',917),(7759,1,'2020-01-06 21:33:14',898),(7760,8,'2020-01-06 21:33:14',759),(7761,4,'2020-01-06 21:33:14',17),(7762,9,'2020-01-06 21:33:14',760),(7763,25,'2020-01-06 21:33:14',470),(7764,26,'2020-01-06 21:33:14',369),(7765,10,'2020-01-06 21:33:14',633),(7766,27,'2020-01-06 21:33:14',779),(7767,6,'2020-01-06 21:33:14',684),(7768,28,'2020-01-06 21:33:14',26),(7769,21,'2020-01-06 21:33:14',766),(7770,293,'2020-01-06 21:33:14',770),(7771,7,'2020-01-06 21:35:22',12),(7772,11,'2020-01-06 21:35:22',1130),(7773,12,'2020-01-06 21:35:22',1647),(7774,14,'2020-01-06 21:35:22',184),(7775,3,'2020-01-06 21:35:22',36),(7776,15,'2020-01-06 21:38:06',63),(7777,2,'2020-01-06 21:38:06',217),(7778,23,'2020-01-06 21:38:06',2022),(7779,16,'2020-01-06 21:38:06',7),(7780,17,'2020-01-06 21:38:06',641),(7781,5,'2020-01-06 21:38:06',345),(7782,18,'2020-01-06 21:38:06',372),(7783,20,'2020-01-06 21:38:06',1361),(7784,24,'2020-01-06 21:38:06',1494),(7785,19,'2020-01-06 21:38:06',1067),(7786,22,'2020-01-06 21:38:15',1116),(7787,1,'2020-01-06 21:38:15',1085),(7788,8,'2020-01-06 21:38:15',886),(7789,4,'2020-01-06 21:38:15',14),(7790,9,'2020-01-06 21:38:15',876),(7791,25,'2020-01-06 21:38:15',490),(7792,26,'2020-01-06 21:38:15',869),(7793,10,'2020-01-06 21:38:15',755),(7794,27,'2020-01-06 21:38:15',732),(7795,6,'2020-01-06 21:38:15',758),(7796,28,'2020-01-06 21:38:15',21),(7797,21,'2020-01-06 21:38:15',9),(7798,294,'2020-01-06 21:38:15',734),(7799,7,'2020-01-06 21:40:23',11),(7800,11,'2020-01-06 21:40:23',561),(7801,12,'2020-01-06 21:40:23',1417),(7802,14,'2020-01-06 21:40:23',1708),(7803,3,'2020-01-06 21:40:23',596),(7804,15,'2020-01-06 21:43:06',7),(7805,2,'2020-01-06 21:43:06',129),(7806,23,'2020-01-06 21:43:06',1854),(7807,16,'2020-01-06 21:43:06',14),(7808,17,'2020-01-06 21:43:06',812),(7809,5,'2020-01-06 21:43:06',798),(7810,18,'2020-01-06 21:43:06',454),(7811,20,'2020-01-06 21:43:06',1001),(7812,24,'2020-01-06 21:43:06',1436),(7813,19,'2020-01-06 21:43:06',1388),(7814,22,'2020-01-06 21:43:15',1071),(7815,1,'2020-01-06 21:43:15',1076),(7816,8,'2020-01-06 21:43:15',919),(7817,4,'2020-01-06 21:43:15',19),(7818,9,'2020-01-06 21:43:15',880),(7819,25,'2020-01-06 21:43:15',706),(7820,26,'2020-01-06 21:43:15',911),(7821,10,'2020-01-06 21:43:15',374),(7822,27,'2020-01-06 21:43:15',877),(7823,6,'2020-01-06 21:43:15',899),(7824,28,'2020-01-06 21:43:15',17),(7825,21,'2020-01-06 21:43:15',26),(7826,295,'2020-01-06 21:43:15',588),(7827,7,'2020-01-06 21:45:23',16),(7828,11,'2020-01-06 21:45:23',1385),(7829,12,'2020-01-06 21:45:23',568),(7830,14,'2020-01-06 21:45:23',1718),(7831,3,'2020-01-06 21:45:23',598),(7832,15,'2020-01-06 21:48:06',9),(7833,2,'2020-01-06 21:48:06',51),(7834,23,'2020-01-06 21:48:06',1657),(7835,16,'2020-01-06 21:48:06',9),(7836,17,'2020-01-06 21:48:06',1200),(7837,5,'2020-01-06 21:48:06',927),(7838,18,'2020-01-06 21:48:06',1308),(7839,20,'2020-01-06 21:48:06',574),(7840,24,'2020-01-06 21:48:06',1376),(7841,19,'2020-01-06 21:48:06',1208),(7842,22,'2020-01-06 21:48:16',923),(7843,1,'2020-01-06 21:48:16',918),(7844,8,'2020-01-06 21:48:16',796),(7845,4,'2020-01-06 21:48:16',146),(7846,9,'2020-01-06 21:48:16',795),(7847,25,'2020-01-06 21:48:16',495),(7848,26,'2020-01-06 21:48:16',776),(7849,10,'2020-01-06 21:48:16',434),(7850,27,'2020-01-06 21:48:16',789),(7851,6,'2020-01-06 21:48:16',739),(7852,28,'2020-01-06 21:48:16',32),(7853,21,'2020-01-06 21:48:16',765),(7854,296,'2020-01-06 21:48:16',717),(7855,7,'2020-01-06 21:50:23',9),(7856,11,'2020-01-06 21:50:23',1368),(7857,12,'2020-01-06 21:50:23',838),(7858,14,'2020-01-06 21:50:23',1679),(7859,3,'2020-01-06 21:50:23',374),(7860,15,'2020-01-06 21:53:07',12),(7861,2,'2020-01-06 21:53:07',424),(7862,23,'2020-01-06 21:53:07',1837),(7863,16,'2020-01-06 21:53:07',14),(7864,17,'2020-01-06 21:53:07',750),(7865,5,'2020-01-06 21:53:07',483),(7866,18,'2020-01-06 21:53:07',1329),(7867,20,'2020-01-06 21:53:07',772),(7868,24,'2020-01-06 21:53:07',1494),(7869,19,'2020-01-06 21:53:07',966),(7870,22,'2020-01-06 21:53:16',906),(7871,1,'2020-01-06 21:53:16',896),(7872,8,'2020-01-06 21:53:16',799),(7873,4,'2020-01-06 21:53:16',625),(7874,9,'2020-01-06 21:53:16',789),(7875,25,'2020-01-06 21:53:16',712),(7876,26,'2020-01-06 21:53:16',769),(7877,10,'2020-01-06 21:53:16',777),(7878,27,'2020-01-06 21:53:16',787),(7879,6,'2020-01-06 21:53:16',757),(7880,28,'2020-01-06 21:53:16',18),(7881,21,'2020-01-06 21:53:16',12),(7882,297,'2020-01-06 21:53:16',457),(7883,7,'2020-01-06 21:55:23',8),(7884,11,'2020-01-06 21:55:23',462),(7885,12,'2020-01-06 21:55:23',1501),(7886,14,'2020-01-06 21:55:23',1636),(7887,3,'2020-01-06 21:55:23',504),(7888,15,'2020-01-06 21:58:08',14),(7889,2,'2020-01-06 21:58:08',1200),(7890,23,'2020-01-06 21:58:08',1567),(7891,16,'2020-01-06 21:58:08',10),(7892,17,'2020-01-06 21:58:08',900),(7893,5,'2020-01-06 21:58:08',773),(7894,18,'2020-01-06 21:58:08',772),(7895,20,'2020-01-06 21:58:08',851),(7896,24,'2020-01-06 21:58:08',1232),(7897,19,'2020-01-06 21:58:08',862),(7898,22,'2020-01-06 21:58:17',1174),(7899,1,'2020-01-06 21:58:17',1179),(7900,8,'2020-01-06 21:58:17',965),(7901,4,'2020-01-06 21:58:17',160),(7902,9,'2020-01-06 21:58:17',565),(7903,25,'2020-01-06 21:58:17',607),(7904,26,'2020-01-06 21:58:17',746),(7905,10,'2020-01-06 21:58:17',463),(7906,27,'2020-01-06 21:58:17',705),(7907,6,'2020-01-06 21:58:17',948),(7908,28,'2020-01-06 21:58:17',15),(7909,21,'2020-01-06 21:58:17',19),(7910,298,'2020-01-06 21:58:17',809),(7911,7,'2020-01-06 22:00:23',29),(7912,11,'2020-01-06 22:00:23',812),(7913,12,'2020-01-06 22:00:23',566),(7914,14,'2020-01-06 22:00:23',1378),(7915,3,'2020-01-06 22:00:23',656),(7916,15,'2020-01-06 22:03:08',112),(7917,2,'2020-01-06 22:03:08',925),(7918,23,'2020-01-06 22:03:08',1520),(7919,16,'2020-01-06 22:03:08',11),(7920,17,'2020-01-06 22:03:08',1019),(7921,5,'2020-01-06 22:03:08',1083),(7922,18,'2020-01-06 22:03:08',1198),(7923,20,'2020-01-06 22:03:08',574),(7924,24,'2020-01-06 22:03:08',1044),(7925,19,'2020-01-06 22:03:08',843),(7926,22,'2020-01-06 22:03:17',1055),(7927,1,'2020-01-06 22:03:17',1015),(7928,8,'2020-01-06 22:03:17',874),(7929,4,'2020-01-06 22:03:17',772),(7930,9,'2020-01-06 22:03:17',475),(7931,25,'2020-01-06 22:03:17',486),(7932,26,'2020-01-06 22:03:17',200),(7933,10,'2020-01-06 22:03:17',554),(7934,27,'2020-01-06 22:03:17',710),(7935,6,'2020-01-06 22:03:17',872),(7936,28,'2020-01-06 22:03:17',14),(7937,21,'2020-01-06 22:03:17',839),(7938,299,'2020-01-06 22:03:17',547),(7939,7,'2020-01-06 22:05:23',11),(7940,11,'2020-01-06 22:05:23',1040),(7941,12,'2020-01-06 22:05:23',303),(7942,14,'2020-01-06 22:05:23',274),(7943,3,'2020-01-06 22:05:23',476),(7944,15,'2020-01-06 22:08:08',669),(7945,2,'2020-01-06 22:08:08',167),(7946,23,'2020-01-06 22:08:08',1763),(7947,16,'2020-01-06 22:08:08',11),(7948,17,'2020-01-06 22:08:08',1098),(7949,5,'2020-01-06 22:08:08',775),(7950,18,'2020-01-06 22:08:08',1272),(7951,20,'2020-01-06 22:08:08',868),(7952,24,'2020-01-06 22:08:08',389),(7953,19,'2020-01-06 22:08:08',972),(7954,22,'2020-01-06 22:08:17',1047),(7955,1,'2020-01-06 22:08:17',1023),(7956,8,'2020-01-06 22:08:17',870),(7957,4,'2020-01-06 22:08:17',697),(7958,9,'2020-01-06 22:08:17',710),(7959,25,'2020-01-06 22:08:17',529),(7960,26,'2020-01-06 22:08:17',428),(7961,10,'2020-01-06 22:08:17',823),(7962,27,'2020-01-06 22:08:17',814),(7963,6,'2020-01-06 22:08:17',865),(7964,28,'2020-01-06 22:08:17',20),(7965,21,'2020-01-06 22:08:17',18),(7966,300,'2020-01-06 22:08:17',607),(7967,7,'2020-01-06 22:10:24',13),(7968,11,'2020-01-06 22:10:24',10),(7969,12,'2020-01-06 22:10:24',986),(7970,14,'2020-01-06 22:10:24',1424),(7971,3,'2020-01-06 22:10:24',485),(7972,15,'2020-01-06 22:13:10',392),(7973,2,'2020-01-06 22:13:10',207),(7974,23,'2020-01-06 22:13:10',1705),(7975,16,'2020-01-06 22:13:10',7),(7976,17,'2020-01-06 22:13:10',1268),(7977,5,'2020-01-06 22:13:10',473),(7978,18,'2020-01-06 22:13:10',1264),(7979,20,'2020-01-06 22:13:10',739),(7980,24,'2020-01-06 22:13:10',1306),(7981,19,'2020-01-06 22:13:10',834),(7982,22,'2020-01-06 22:13:17',982),(7983,1,'2020-01-06 22:13:17',964),(7984,8,'2020-01-06 22:13:17',799),(7985,4,'2020-01-06 22:13:17',13),(7986,9,'2020-01-06 22:13:17',547),(7987,25,'2020-01-06 22:13:17',466),(7988,26,'2020-01-06 22:13:17',816),(7989,10,'2020-01-06 22:13:17',806),(7990,27,'2020-01-06 22:13:17',806),(7991,6,'2020-01-06 22:13:17',822),(7992,28,'2020-01-06 22:13:17',13),(7993,21,'2020-01-06 22:13:17',801),(7994,301,'2020-01-06 22:13:17',623),(7995,7,'2020-01-06 22:15:24',7),(7996,11,'2020-01-06 22:15:24',9),(7997,12,'2020-01-06 22:15:24',441),(7998,14,'2020-01-06 22:15:24',188),(7999,3,'2020-01-06 22:15:24',484),(8000,15,'2020-01-06 22:18:10',106),(8001,2,'2020-01-06 22:18:10',306),(8002,23,'2020-01-06 22:18:10',1972),(8003,16,'2020-01-06 22:18:10',9),(8004,17,'2020-01-06 22:18:10',839),(8005,5,'2020-01-06 22:18:10',708),(8006,18,'2020-01-06 22:18:10',1289),(8007,20,'2020-01-06 22:18:10',613),(8008,24,'2020-01-06 22:18:10',1446),(8009,19,'2020-01-06 22:18:10',334),(8010,22,'2020-01-06 22:18:18',1026),(8011,1,'2020-01-06 22:18:18',1015),(8012,8,'2020-01-06 22:18:18',881),(8013,4,'2020-01-06 22:18:18',13),(8014,9,'2020-01-06 22:18:18',645),(8015,25,'2020-01-06 22:18:18',428),(8016,26,'2020-01-06 22:18:18',691),(8017,10,'2020-01-06 22:18:18',846),(8018,27,'2020-01-06 22:18:18',620),(8019,6,'2020-01-06 22:18:18',749),(8020,28,'2020-01-06 22:18:18',19),(8021,21,'2020-01-06 22:18:18',873),(8022,302,'2020-01-06 22:18:18',627),(8023,7,'2020-01-06 22:20:24',27),(8024,11,'2020-01-06 22:20:24',12),(8025,12,'2020-01-06 22:20:24',1187),(8026,14,'2020-01-06 22:20:24',1706),(8027,3,'2020-01-06 22:20:24',421),(8028,15,'2020-01-06 22:23:11',98),(8029,2,'2020-01-06 22:23:11',574),(8030,23,'2020-01-06 22:23:11',1477),(8031,16,'2020-01-06 22:23:11',17),(8032,17,'2020-01-06 22:23:11',412),(8033,5,'2020-01-06 22:23:11',916),(8034,18,'2020-01-06 22:23:11',977),(8035,20,'2020-01-06 22:23:11',1047),(8036,24,'2020-01-06 22:23:11',1134),(8037,19,'2020-01-06 22:23:11',682),(8038,22,'2020-01-06 22:23:19',1003),(8039,1,'2020-01-06 22:23:19',1024),(8040,8,'2020-01-06 22:23:19',842),(8041,4,'2020-01-06 22:23:19',189),(8042,9,'2020-01-06 22:23:19',820),(8043,25,'2020-01-06 22:23:19',629),(8044,26,'2020-01-06 22:23:19',245),(8045,10,'2020-01-06 22:23:19',817),(8046,27,'2020-01-06 22:23:19',728),(8047,6,'2020-01-06 22:23:19',660),(8048,28,'2020-01-06 22:23:19',16),(8049,21,'2020-01-06 22:23:19',28),(8050,303,'2020-01-06 22:23:19',736),(8051,3,'2020-01-06 22:25:24',552),(8052,15,'2020-01-06 22:28:12',8),(8053,2,'2020-01-06 22:28:12',382),(8054,23,'2020-01-06 22:28:12',1408),(8055,16,'2020-01-06 22:28:12',7),(8056,17,'2020-01-06 22:28:12',894),(8057,5,'2020-01-06 22:28:12',381),(8058,18,'2020-01-06 22:28:12',501),(8059,11,'2020-01-06 22:28:12',758),(8060,12,'2020-01-06 22:28:12',838),(8061,20,'2020-01-06 22:28:12',944),(8062,24,'2020-01-06 22:28:12',618),(8063,19,'2020-01-06 22:28:12',1058),(8064,22,'2020-01-06 22:28:20',966),(8065,1,'2020-01-06 22:28:20',957),(8066,8,'2020-01-06 22:28:20',813),(8067,4,'2020-01-06 22:28:20',629),(8068,9,'2020-01-06 22:28:20',801),(8069,25,'2020-01-06 22:28:20',499),(8070,26,'2020-01-06 22:28:20',340),(8071,10,'2020-01-06 22:28:20',696),(8072,27,'2020-01-06 22:28:20',809),(8073,6,'2020-01-06 22:28:20',208),(8074,7,'2020-01-06 22:28:20',13),(8075,28,'2020-01-06 22:28:20',14),(8076,21,'2020-01-06 22:28:20',819),(8077,304,'2020-01-06 22:28:20',818),(8078,3,'2020-01-06 22:30:24',325),(8079,15,'2020-01-06 22:33:12',586),(8080,2,'2020-01-06 22:33:12',837),(8081,23,'2020-01-06 22:33:12',1241),(8082,16,'2020-01-06 22:33:12',18),(8083,17,'2020-01-06 22:33:12',655),(8084,5,'2020-01-06 22:33:12',326),(8085,18,'2020-01-06 22:33:12',910),(8086,11,'2020-01-06 22:33:12',463),(8087,12,'2020-01-06 22:33:12',14),(8088,20,'2020-01-06 22:33:12',897),(8089,24,'2020-01-06 22:33:12',1012),(8090,19,'2020-01-06 22:33:12',802),(8091,14,'2020-01-06 22:33:12',656),(8092,22,'2020-01-06 22:33:20',1130),(8093,1,'2020-01-06 22:33:20',1107),(8094,8,'2020-01-06 22:33:20',523),(8095,4,'2020-01-06 22:33:20',29),(8096,9,'2020-01-06 22:33:20',912),(8097,25,'2020-01-06 22:33:20',492),(8098,26,'2020-01-06 22:33:20',918),(8099,10,'2020-01-06 22:33:20',698),(8100,27,'2020-01-06 22:33:20',934),(8101,6,'2020-01-06 22:33:20',19),(8102,7,'2020-01-06 22:33:20',20),(8103,28,'2020-01-06 22:33:20',30),(8104,21,'2020-01-06 22:33:20',935),(8105,305,'2020-01-06 22:33:20',632),(8106,3,'2020-01-06 22:35:24',604),(8107,15,'2020-01-06 22:38:13',488),(8108,2,'2020-01-06 22:38:13',177),(8109,23,'2020-01-06 22:38:13',1925),(8110,16,'2020-01-06 22:38:13',18),(8111,17,'2020-01-06 22:38:13',154),(8112,5,'2020-01-06 22:38:13',382),(8113,18,'2020-01-06 22:38:13',583),(8114,11,'2020-01-06 22:38:13',9),(8115,12,'2020-01-06 22:38:13',37),(8116,20,'2020-01-06 22:38:13',657),(8117,24,'2020-01-06 22:38:13',901),(8118,19,'2020-01-06 22:38:13',701),(8119,14,'2020-01-06 22:38:13',452),(8120,22,'2020-01-06 22:38:21',1987),(8121,1,'2020-01-06 22:38:21',1972),(8122,8,'2020-01-06 22:38:21',8),(8123,4,'2020-01-06 22:38:21',9),(8124,9,'2020-01-06 22:38:21',660),(8125,25,'2020-01-06 22:38:21',12),(8126,26,'2020-01-06 22:38:21',1214),(8127,10,'2020-01-06 22:38:21',349),(8128,27,'2020-01-06 22:38:21',396),(8129,6,'2020-01-06 22:38:21',11),(8130,7,'2020-01-06 22:38:21',13),(8131,28,'2020-01-06 22:38:21',15),(8132,21,'2020-01-06 22:38:21',19),(8133,306,'2020-01-06 22:38:21',167),(8134,3,'2020-01-06 22:40:25',3),(8135,15,'2020-01-06 22:43:13',4),(8136,2,'2020-01-06 22:43:13',4),(8137,23,'2020-01-06 22:43:13',2190),(8138,16,'2020-01-06 22:43:13',14),(8139,17,'2020-01-06 22:43:13',3),(8140,5,'2020-01-06 22:43:13',242),(8141,18,'2020-01-06 22:43:13',5),(8142,11,'2020-01-06 22:43:13',4),(8143,12,'2020-01-06 22:43:13',4),(8144,20,'2020-01-06 22:43:13',6),(8145,24,'2020-01-06 22:43:13',4),(8146,19,'2020-01-06 22:43:13',4),(8147,14,'2020-01-06 22:43:13',4),(8148,22,'2020-01-06 22:43:21',2189),(8149,1,'2020-01-06 22:43:21',2184),(8150,8,'2020-01-06 22:43:21',3),(8151,4,'2020-01-06 22:43:21',9),(8152,9,'2020-01-06 22:43:21',5),(8153,25,'2020-01-06 22:43:21',5),(8154,26,'2020-01-06 22:43:21',5),(8155,10,'2020-01-06 22:43:21',4),(8156,27,'2020-01-06 22:43:21',3),(8157,6,'2020-01-06 22:43:21',6),(8158,7,'2020-01-06 22:43:21',22),(8159,28,'2020-01-06 22:43:21',6),(8160,21,'2020-01-06 22:43:21',4),(8161,307,'2020-01-06 22:43:21',9),(8162,3,'2020-01-06 22:45:25',3),(8163,15,'2020-01-06 22:48:14',8),(8164,2,'2020-01-06 22:48:14',3),(8165,23,'2020-01-06 22:48:14',2189),(8166,16,'2020-01-06 22:48:14',4),(8167,17,'2020-01-06 22:48:14',6),(8168,5,'2020-01-06 22:48:14',4),(8169,18,'2020-01-06 22:48:14',21),(8170,11,'2020-01-06 22:48:14',7),(8171,12,'2020-01-06 22:48:14',7),(8172,20,'2020-01-06 22:48:14',4),(8173,24,'2020-01-06 22:48:14',3),(8174,19,'2020-01-06 22:48:14',4),(8175,14,'2020-01-06 22:48:14',8),(8176,22,'2020-01-06 22:48:22',2182),(8177,1,'2020-01-06 22:48:22',2175),(8178,8,'2020-01-06 22:48:22',28),(8179,4,'2020-01-06 22:48:22',13),(8180,9,'2020-01-06 22:48:22',19),(8181,25,'2020-01-06 22:48:22',7),(8182,26,'2020-01-06 22:48:22',5),(8183,10,'2020-01-06 22:48:22',23),(8184,27,'2020-01-06 22:48:22',5),(8185,6,'2020-01-06 22:48:22',4),(8186,7,'2020-01-06 22:48:22',7),(8187,28,'2020-01-06 22:48:22',10),(8188,21,'2020-01-06 22:48:22',4),(8189,308,'2020-01-06 22:48:22',8),(8190,3,'2020-01-06 22:50:25',2),(8191,15,'2020-01-06 22:53:14',3),(8192,2,'2020-01-06 22:53:14',3),(8193,23,'2020-01-06 22:53:14',2190),(8194,16,'2020-01-06 22:53:14',3),(8195,17,'2020-01-06 22:53:14',3),(8196,5,'2020-01-06 22:53:14',3),(8197,18,'2020-01-06 22:53:14',2),(8198,11,'2020-01-06 22:53:14',3),(8199,12,'2020-01-06 22:53:14',3),(8200,20,'2020-01-06 22:53:14',4),(8201,24,'2020-01-06 22:53:14',3),(8202,19,'2020-01-06 22:53:14',3),(8203,14,'2020-01-06 22:53:14',4),(8204,22,'2020-01-06 22:53:23',2169),(8205,1,'2020-01-06 22:53:23',2181),(8206,8,'2020-01-06 22:53:23',6),(8207,4,'2020-01-06 22:53:23',17),(8208,9,'2020-01-06 22:53:23',5),(8209,25,'2020-01-06 22:53:23',6),(8210,26,'2020-01-06 22:53:23',4),(8211,10,'2020-01-06 22:53:23',5),(8212,27,'2020-01-06 22:53:23',3),(8213,6,'2020-01-06 22:53:23',5),(8214,7,'2020-01-06 22:53:23',4),(8215,28,'2020-01-06 22:53:23',7),(8216,21,'2020-01-06 22:53:23',3),(8217,309,'2020-01-06 22:53:23',6),(8218,3,'2020-01-06 22:55:25',2),(8219,15,'2020-01-06 22:58:14',3),(8220,2,'2020-01-06 22:58:14',11),(8221,23,'2020-01-06 22:58:14',2191),(8222,16,'2020-01-06 22:58:14',3),(8223,17,'2020-01-06 22:58:14',3),(8224,5,'2020-01-06 22:58:14',15),(8225,18,'2020-01-06 22:58:14',4),(8226,11,'2020-01-06 22:58:14',3),(8227,12,'2020-01-06 22:58:14',4),(8228,20,'2020-01-06 22:58:14',5),(8229,24,'2020-01-06 22:58:14',3),(8230,19,'2020-01-06 22:58:14',3),(8231,14,'2020-01-06 22:58:14',4),(8232,22,'2020-01-06 22:58:23',2179),(8233,1,'2020-01-06 22:58:23',2177),(8234,8,'2020-01-06 22:58:23',5),(8235,4,'2020-01-06 22:58:23',13),(8236,9,'2020-01-06 22:58:23',3),(8237,25,'2020-01-06 22:58:23',2),(8238,26,'2020-01-06 22:58:23',4),(8239,10,'2020-01-06 22:58:23',4),(8240,27,'2020-01-06 22:58:23',3),(8241,6,'2020-01-06 22:58:23',25),(8242,7,'2020-01-06 22:58:23',23),(8243,28,'2020-01-06 22:58:23',9),(8244,21,'2020-01-06 22:58:23',4),(8245,310,'2020-01-06 22:58:23',7),(8246,3,'2020-01-06 23:00:25',8),(8247,15,'2020-01-06 23:03:15',23),(8248,2,'2020-01-06 23:03:15',7),(8249,23,'2020-01-06 23:03:15',2190),(8250,16,'2020-01-06 23:03:15',13),(8251,17,'2020-01-06 23:03:15',8),(8252,5,'2020-01-06 23:03:15',5),(8253,18,'2020-01-06 23:03:15',9),(8254,11,'2020-01-06 23:03:15',9),(8255,12,'2020-01-06 23:03:15',6),(8256,20,'2020-01-06 23:03:15',11),(8257,24,'2020-01-06 23:03:15',4),(8258,19,'2020-01-06 23:03:15',11),(8259,14,'2020-01-06 23:03:15',7),(8260,22,'2020-01-06 23:03:23',2179),(8261,1,'2020-01-06 23:03:23',2180),(8262,8,'2020-01-06 23:03:23',6),(8263,4,'2020-01-06 23:03:23',12),(8264,9,'2020-01-06 23:03:23',5),(8265,25,'2020-01-06 23:03:23',16),(8266,26,'2020-01-06 23:03:23',6),(8267,10,'2020-01-06 23:03:23',8),(8268,27,'2020-01-06 23:03:23',8),(8269,6,'2020-01-06 23:03:23',8),(8270,7,'2020-01-06 23:03:23',11),(8271,28,'2020-01-06 23:03:23',17),(8272,21,'2020-01-06 23:03:23',24),(8273,311,'2020-01-06 23:03:23',11),(8274,3,'2020-01-06 23:05:25',3),(8275,15,'2020-01-06 23:08:15',4),(8276,2,'2020-01-06 23:08:15',3),(8277,23,'2020-01-06 23:08:15',2190),(8278,16,'2020-01-06 23:08:15',4),(8279,17,'2020-01-06 23:08:15',5),(8280,5,'2020-01-06 23:08:15',6),(8281,18,'2020-01-06 23:08:15',3),(8282,11,'2020-01-06 23:08:15',4),(8283,12,'2020-01-06 23:08:15',6),(8284,20,'2020-01-06 23:08:15',5),(8285,24,'2020-01-06 23:08:15',4),(8286,19,'2020-01-06 23:08:15',5),(8287,14,'2020-01-06 23:08:15',4),(8288,22,'2020-01-06 23:08:24',2189),(8289,1,'2020-01-06 23:08:24',2186),(8290,8,'2020-01-06 23:08:24',3),(8291,4,'2020-01-06 23:08:24',6),(8292,9,'2020-01-06 23:08:24',4),(8293,25,'2020-01-06 23:08:24',5),(8294,26,'2020-01-06 23:08:24',7),(8295,10,'2020-01-06 23:08:24',8),(8296,27,'2020-01-06 23:08:24',4),(8297,6,'2020-01-06 23:08:24',4),(8298,7,'2020-01-06 23:08:24',3),(8299,28,'2020-01-06 23:08:24',7),(8300,21,'2020-01-06 23:08:24',3),(8301,312,'2020-01-06 23:08:24',6),(8302,3,'2020-01-06 23:10:25',4),(8303,15,'2020-01-06 23:13:16',6),(8304,2,'2020-01-06 23:13:16',5),(8305,23,'2020-01-06 23:13:16',2191),(8306,16,'2020-01-06 23:13:16',6),(8307,17,'2020-01-06 23:13:16',6),(8308,5,'2020-01-06 23:13:16',7),(8309,18,'2020-01-06 23:13:16',5),(8310,11,'2020-01-06 23:13:16',5),(8311,12,'2020-01-06 23:13:16',5),(8312,20,'2020-01-06 23:13:16',9),(8313,24,'2020-01-06 23:13:16',4),(8314,19,'2020-01-06 23:13:16',7),(8315,14,'2020-01-06 23:13:16',5),(8316,22,'2020-01-06 23:13:26',2174),(8317,1,'2020-01-06 23:13:26',2180),(8318,8,'2020-01-06 23:13:26',5),(8319,4,'2020-01-06 23:13:26',8),(8320,9,'2020-01-06 23:13:26',3),(8321,25,'2020-01-06 23:13:26',9),(8322,26,'2020-01-06 23:13:26',18),(8323,10,'2020-01-06 23:13:26',11),(8324,27,'2020-01-06 23:13:26',5),(8325,6,'2020-01-06 23:13:26',4),(8326,7,'2020-01-06 23:13:26',6),(8327,28,'2020-01-06 23:13:26',28),(8328,21,'2020-01-06 23:13:26',6),(8329,313,'2020-01-06 23:13:26',16),(8330,22,'2020-01-06 23:15:25',777),(8331,3,'2020-01-06 23:15:25',4),(8332,15,'2020-01-06 23:18:16',7),(8333,2,'2020-01-06 23:18:16',10),(8334,23,'2020-01-06 23:18:16',2184),(8335,16,'2020-01-06 23:18:16',8),(8336,17,'2020-01-06 23:18:16',9),(8337,5,'2020-01-06 23:18:16',9),(8338,18,'2020-01-06 23:18:16',7),(8339,11,'2020-01-06 23:18:16',11),(8340,12,'2020-01-06 23:18:16',5),(8341,20,'2020-01-06 23:18:16',13),(8342,24,'2020-01-06 23:18:16',5),(8343,19,'2020-01-06 23:18:16',7),(8344,14,'2020-01-06 23:18:16',9),(8345,1,'2020-01-06 23:18:26',2172),(8346,8,'2020-01-06 23:18:26',6),(8347,4,'2020-01-06 23:18:26',12),(8348,9,'2020-01-06 23:18:26',4),(8349,25,'2020-01-06 23:18:26',4),(8350,26,'2020-01-06 23:18:26',4),(8351,10,'2020-01-06 23:18:26',5),(8352,27,'2020-01-06 23:18:26',5),(8353,6,'2020-01-06 23:18:26',4),(8354,7,'2020-01-06 23:18:26',4),(8355,28,'2020-01-06 23:18:26',8),(8356,21,'2020-01-06 23:18:26',5),(8357,314,'2020-01-06 23:18:26',18),(8358,22,'2020-01-06 23:20:25',2189),(8359,3,'2020-01-06 23:20:25',5),(8360,15,'2020-01-06 23:23:16',6),(8361,2,'2020-01-06 23:23:16',3),(8362,23,'2020-01-06 23:23:16',2177),(8363,16,'2020-01-06 23:23:16',5),(8364,17,'2020-01-06 23:23:16',6),(8365,5,'2020-01-06 23:23:16',6),(8366,18,'2020-01-06 23:23:16',5),(8367,11,'2020-01-06 23:23:16',7),(8368,12,'2020-01-06 23:23:16',5),(8369,20,'2020-01-06 23:23:16',6),(8370,24,'2020-01-06 23:23:16',5),(8371,19,'2020-01-06 23:23:16',6),(8372,14,'2020-01-06 23:23:16',7),(8373,1,'2020-01-06 23:23:27',2185),(8374,8,'2020-01-06 23:23:27',4),(8375,4,'2020-01-06 23:23:27',9),(8376,9,'2020-01-06 23:23:27',6),(8377,25,'2020-01-06 23:23:27',6),(8378,26,'2020-01-06 23:23:27',7),(8379,10,'2020-01-06 23:23:27',6),(8380,27,'2020-01-06 23:23:27',5),(8381,6,'2020-01-06 23:23:27',8),(8382,7,'2020-01-06 23:23:27',6),(8383,28,'2020-01-06 23:23:27',11),(8384,21,'2020-01-06 23:23:27',10),(8385,315,'2020-01-06 23:23:27',12);
/*!40000 ALTER TABLE `vm_resource_usage` ENABLE KEYS */;
UNLOCK TABLES;

--
-- Table structure for table `vms`
--

DROP TABLE IF EXISTS `vms`;
/*!40101 SET @saved_cs_client     = @@character_set_client */;
/*!40101 SET character_set_client = utf8 */;
CREATE TABLE `vms` (
  `id` int(11) NOT NULL AUTO_INCREMENT,
  `uuid` varchar(36) NOT NULL,
  PRIMARY KEY (`id`)
) ENGINE=InnoDB AUTO_INCREMENT=316 DEFAULT CHARSET=utf8;
/*!40101 SET character_set_client = @saved_cs_client */;

--
-- Dumping data for table `vms`
--

LOCK TABLES `vms` WRITE;
/*!40000 ALTER TABLE `vms` DISABLE KEYS */;
INSERT INTO `vms` VALUES (1,'a3f8d669-368d-4746-9792-15dc1efdf89a'),(2,'a14f6f4b-0f3f-4d7b-bf40-518e57ef54da'),(3,'054da36b-845d-49f8-a614-63fbdf47b3cf'),(4,'86bc92cc-806c-4184-b7d4-94e3c6d9aefe'),(5,'3269d2fc-e392-4744-8a6e-a108ece27282'),(6,'f544780e-b17f-4ccb-8899-e76576d5610d'),(7,'cf294c90-d271-40fa-894d-362cb6481fac'),(8,'c6526d6b-ca12-4032-837e-a639a99bcd03'),(9,'41c4e3b8-4841-4674-98f1-801fa6bc540f'),(10,'69928292-aa3a-4a9b-9bd7-548f86a603f7'),(11,'bb25db2f-f7b9-415b-a559-9a80f0560d8d'),(12,'189faeac-02f9-4fc6-a838-296e6e8a9bdd'),(13,'ebd03e16-5c44-4e0f-8722-4f87495288e1'),(14,'c4302f0b-a737-45d5-a2fd-8e7e17ef4fb6'),(15,'61d6fda7-0962-453a-ace7-ce4cde951feb'),(16,'8b5e9892-57bf-42d6-82bc-70b396118ad8'),(17,'b0621ec2-3c98-4949-9c78-f7dbc1d3995e'),(18,'e2474ca3-6a3a-4c6b-bdec-d00f14dcb034'),(19,'993fe52c-99d1-40c9-8fe8-91a7be2f0b87'),(20,'d63d4ecc-83c6-4f5a-9723-06eaf3ecf1ab'),(21,'27cf0b42-1dc7-46a0-8ff5-2f9959b913ec'),(22,'0f602bf3-0af2-408e-8bbc-dc86b36e84a9'),(23,'e48e9fcd-c497-472d-9708-ccaef560721f'),(24,'a97f986b-3d30-4e87-934e-d94465f9d70d'),(25,'d9149053-27f6-457b-a400-43a98563928f'),(26,'dff8dd50-2953-45a3-bce6-25143759eeef'),(27,'12bc7a26-ea81-48c6-8344-042b6284e632'),(28,'a1126de3-9f8a-43e6-ae86-9e667bb20435'),(29,'0d30d813-48ef-4cf3-9404-2210d57c960e'),(30,'0d30d813-48ef-4cf3-9404-2210d57c960e'),(31,'0d30d813-48ef-4cf3-9404-2210d57c960e'),(32,'0d30d813-48ef-4cf3-9404-2210d57c960e'),(33,'0d30d813-48ef-4cf3-9404-2210d57c960e'),(34,'0d30d813-48ef-4cf3-9404-2210d57c960e'),(35,'0d30d813-48ef-4cf3-9404-2210d57c960e'),(36,'0d30d813-48ef-4cf3-9404-2210d57c960e'),(37,'0d30d813-48ef-4cf3-9404-2210d57c960e'),(38,'0d30d813-48ef-4cf3-9404-2210d57c960e'),(39,'0d30d813-48ef-4cf3-9404-2210d57c960e'),(40,'0d30d813-48ef-4cf3-9404-2210d57c960e'),(41,'0d30d813-48ef-4cf3-9404-2210d57c960e'),(42,'0d30d813-48ef-4cf3-9404-2210d57c960e'),(43,'0d30d813-48ef-4cf3-9404-2210d57c960e'),(44,'0d30d813-48ef-4cf3-9404-2210d57c960e'),(45,'0d30d813-48ef-4cf3-9404-2210d57c960e'),(46,'0d30d813-48ef-4cf3-9404-2210d57c960e'),(47,'0d30d813-48ef-4cf3-9404-2210d57c960e'),(48,'0d30d813-48ef-4cf3-9404-2210d57c960e'),(49,'0d30d813-48ef-4cf3-9404-2210d57c960e'),(50,'0d30d813-48ef-4cf3-9404-2210d57c960e'),(51,'0d30d813-48ef-4cf3-9404-2210d57c960e'),(52,'0d30d813-48ef-4cf3-9404-2210d57c960e'),(53,'0d30d813-48ef-4cf3-9404-2210d57c960e'),(54,'0d30d813-48ef-4cf3-9404-2210d57c960e'),(55,'0d30d813-48ef-4cf3-9404-2210d57c960e'),(56,'0d30d813-48ef-4cf3-9404-2210d57c960e'),(57,'0d30d813-48ef-4cf3-9404-2210d57c960e'),(58,'0d30d813-48ef-4cf3-9404-2210d57c960e'),(59,'0d30d813-48ef-4cf3-9404-2210d57c960e'),(60,'0d30d813-48ef-4cf3-9404-2210d57c960e'),(61,'0d30d813-48ef-4cf3-9404-2210d57c960e'),(62,'0d30d813-48ef-4cf3-9404-2210d57c960e'),(63,'0d30d813-48ef-4cf3-9404-2210d57c960e'),(64,'0d30d813-48ef-4cf3-9404-2210d57c960e'),(65,'0d30d813-48ef-4cf3-9404-2210d57c960e'),(66,'0d30d813-48ef-4cf3-9404-2210d57c960e'),(67,'0d30d813-48ef-4cf3-9404-2210d57c960e'),(68,'0d30d813-48ef-4cf3-9404-2210d57c960e'),(69,'0d30d813-48ef-4cf3-9404-2210d57c960e'),(70,'0d30d813-48ef-4cf3-9404-2210d57c960e'),(71,'0d30d813-48ef-4cf3-9404-2210d57c960e'),(72,'0d30d813-48ef-4cf3-9404-2210d57c960e'),(73,'0d30d813-48ef-4cf3-9404-2210d57c960e'),(74,'0d30d813-48ef-4cf3-9404-2210d57c960e'),(75,'0d30d813-48ef-4cf3-9404-2210d57c960e'),(76,'0d30d813-48ef-4cf3-9404-2210d57c960e'),(77,'0d30d813-48ef-4cf3-9404-2210d57c960e'),(78,'0d30d813-48ef-4cf3-9404-2210d57c960e'),(79,'0d30d813-48ef-4cf3-9404-2210d57c960e'),(80,'0d30d813-48ef-4cf3-9404-2210d57c960e'),(81,'0d30d813-48ef-4cf3-9404-2210d57c960e'),(82,'0d30d813-48ef-4cf3-9404-2210d57c960e'),(83,'0d30d813-48ef-4cf3-9404-2210d57c960e'),(84,'0d30d813-48ef-4cf3-9404-2210d57c960e'),(85,'0d30d813-48ef-4cf3-9404-2210d57c960e'),(86,'0d30d813-48ef-4cf3-9404-2210d57c960e'),(87,'0d30d813-48ef-4cf3-9404-2210d57c960e'),(88,'0d30d813-48ef-4cf3-9404-2210d57c960e'),(89,'0d30d813-48ef-4cf3-9404-2210d57c960e'),(90,'0d30d813-48ef-4cf3-9404-2210d57c960e'),(91,'0d30d813-48ef-4cf3-9404-2210d57c960e'),(92,'0d30d813-48ef-4cf3-9404-2210d57c960e'),(93,'0d30d813-48ef-4cf3-9404-2210d57c960e'),(94,'0d30d813-48ef-4cf3-9404-2210d57c960e'),(95,'0d30d813-48ef-4cf3-9404-2210d57c960e'),(96,'0d30d813-48ef-4cf3-9404-2210d57c960e'),(97,'0d30d813-48ef-4cf3-9404-2210d57c960e'),(98,'0d30d813-48ef-4cf3-9404-2210d57c960e'),(99,'0d30d813-48ef-4cf3-9404-2210d57c960e'),(100,'0d30d813-48ef-4cf3-9404-2210d57c960e'),(101,'0d30d813-48ef-4cf3-9404-2210d57c960e'),(102,'0d30d813-48ef-4cf3-9404-2210d57c960e'),(103,'0d30d813-48ef-4cf3-9404-2210d57c960e'),(104,'0d30d813-48ef-4cf3-9404-2210d57c960e'),(105,'0d30d813-48ef-4cf3-9404-2210d57c960e'),(106,'0d30d813-48ef-4cf3-9404-2210d57c960e'),(107,'0d30d813-48ef-4cf3-9404-2210d57c960e'),(108,'0d30d813-48ef-4cf3-9404-2210d57c960e'),(109,'0d30d813-48ef-4cf3-9404-2210d57c960e'),(110,'0d30d813-48ef-4cf3-9404-2210d57c960e'),(111,'0d30d813-48ef-4cf3-9404-2210d57c960e'),(112,'0d30d813-48ef-4cf3-9404-2210d57c960e'),(113,'0d30d813-48ef-4cf3-9404-2210d57c960e'),(114,'0d30d813-48ef-4cf3-9404-2210d57c960e'),(115,'0d30d813-48ef-4cf3-9404-2210d57c960e'),(116,'0d30d813-48ef-4cf3-9404-2210d57c960e'),(117,'0d30d813-48ef-4cf3-9404-2210d57c960e'),(118,'0d30d813-48ef-4cf3-9404-2210d57c960e'),(119,'0d30d813-48ef-4cf3-9404-2210d57c960e'),(120,'0d30d813-48ef-4cf3-9404-2210d57c960e'),(121,'0d30d813-48ef-4cf3-9404-2210d57c960e'),(122,'0d30d813-48ef-4cf3-9404-2210d57c960e'),(123,'0d30d813-48ef-4cf3-9404-2210d57c960e'),(124,'0d30d813-48ef-4cf3-9404-2210d57c960e'),(125,'0d30d813-48ef-4cf3-9404-2210d57c960e'),(126,'0d30d813-48ef-4cf3-9404-2210d57c960e'),(127,'0d30d813-48ef-4cf3-9404-2210d57c960e'),(128,'0d30d813-48ef-4cf3-9404-2210d57c960e'),(129,'0d30d813-48ef-4cf3-9404-2210d57c960e'),(130,'0d30d813-48ef-4cf3-9404-2210d57c960e'),(131,'0d30d813-48ef-4cf3-9404-2210d57c960e'),(132,'0d30d813-48ef-4cf3-9404-2210d57c960e'),(133,'0d30d813-48ef-4cf3-9404-2210d57c960e'),(134,'0d30d813-48ef-4cf3-9404-2210d57c960e'),(135,'0d30d813-48ef-4cf3-9404-2210d57c960e'),(136,'0d30d813-48ef-4cf3-9404-2210d57c960e'),(137,'0d30d813-48ef-4cf3-9404-2210d57c960e'),(138,'0d30d813-48ef-4cf3-9404-2210d57c960e'),(139,'0d30d813-48ef-4cf3-9404-2210d57c960e'),(140,'0d30d813-48ef-4cf3-9404-2210d57c960e'),(141,'0d30d813-48ef-4cf3-9404-2210d57c960e'),(142,'0d30d813-48ef-4cf3-9404-2210d57c960e'),(143,'0d30d813-48ef-4cf3-9404-2210d57c960e'),(144,'0d30d813-48ef-4cf3-9404-2210d57c960e'),(145,'0d30d813-48ef-4cf3-9404-2210d57c960e'),(146,'0d30d813-48ef-4cf3-9404-2210d57c960e'),(147,'0d30d813-48ef-4cf3-9404-2210d57c960e'),(148,'0d30d813-48ef-4cf3-9404-2210d57c960e'),(149,'0d30d813-48ef-4cf3-9404-2210d57c960e'),(150,'0d30d813-48ef-4cf3-9404-2210d57c960e'),(151,'0d30d813-48ef-4cf3-9404-2210d57c960e'),(152,'0d30d813-48ef-4cf3-9404-2210d57c960e'),(153,'0d30d813-48ef-4cf3-9404-2210d57c960e'),(154,'0d30d813-48ef-4cf3-9404-2210d57c960e'),(155,'0d30d813-48ef-4cf3-9404-2210d57c960e'),(156,'0d30d813-48ef-4cf3-9404-2210d57c960e'),(157,'0d30d813-48ef-4cf3-9404-2210d57c960e'),(158,'0d30d813-48ef-4cf3-9404-2210d57c960e'),(159,'0d30d813-48ef-4cf3-9404-2210d57c960e'),(160,'0d30d813-48ef-4cf3-9404-2210d57c960e'),(161,'0d30d813-48ef-4cf3-9404-2210d57c960e'),(162,'0d30d813-48ef-4cf3-9404-2210d57c960e'),(163,'0d30d813-48ef-4cf3-9404-2210d57c960e'),(164,'0d30d813-48ef-4cf3-9404-2210d57c960e'),(165,'0d30d813-48ef-4cf3-9404-2210d57c960e'),(166,'0d30d813-48ef-4cf3-9404-2210d57c960e'),(167,'0d30d813-48ef-4cf3-9404-2210d57c960e'),(168,'0d30d813-48ef-4cf3-9404-2210d57c960e'),(169,'0d30d813-48ef-4cf3-9404-2210d57c960e'),(170,'0d30d813-48ef-4cf3-9404-2210d57c960e'),(171,'0d30d813-48ef-4cf3-9404-2210d57c960e'),(172,'0d30d813-48ef-4cf3-9404-2210d57c960e'),(173,'0d30d813-48ef-4cf3-9404-2210d57c960e'),(174,'0d30d813-48ef-4cf3-9404-2210d57c960e'),(175,'0d30d813-48ef-4cf3-9404-2210d57c960e'),(176,'0d30d813-48ef-4cf3-9404-2210d57c960e'),(177,'0d30d813-48ef-4cf3-9404-2210d57c960e'),(178,'0d30d813-48ef-4cf3-9404-2210d57c960e'),(179,'0d30d813-48ef-4cf3-9404-2210d57c960e'),(180,'0d30d813-48ef-4cf3-9404-2210d57c960e'),(181,'0d30d813-48ef-4cf3-9404-2210d57c960e'),(182,'0d30d813-48ef-4cf3-9404-2210d57c960e'),(183,'0d30d813-48ef-4cf3-9404-2210d57c960e'),(184,'0d30d813-48ef-4cf3-9404-2210d57c960e'),(185,'0d30d813-48ef-4cf3-9404-2210d57c960e'),(186,'0d30d813-48ef-4cf3-9404-2210d57c960e'),(187,'0d30d813-48ef-4cf3-9404-2210d57c960e'),(188,'0d30d813-48ef-4cf3-9404-2210d57c960e'),(189,'0d30d813-48ef-4cf3-9404-2210d57c960e'),(190,'0d30d813-48ef-4cf3-9404-2210d57c960e'),(191,'0d30d813-48ef-4cf3-9404-2210d57c960e'),(192,'0d30d813-48ef-4cf3-9404-2210d57c960e'),(193,'0d30d813-48ef-4cf3-9404-2210d57c960e'),(194,'0d30d813-48ef-4cf3-9404-2210d57c960e'),(195,'0d30d813-48ef-4cf3-9404-2210d57c960e'),(196,'0d30d813-48ef-4cf3-9404-2210d57c960e'),(197,'0d30d813-48ef-4cf3-9404-2210d57c960e'),(198,'0d30d813-48ef-4cf3-9404-2210d57c960e'),(199,'0d30d813-48ef-4cf3-9404-2210d57c960e'),(200,'0d30d813-48ef-4cf3-9404-2210d57c960e'),(201,'0d30d813-48ef-4cf3-9404-2210d57c960e'),(202,'0d30d813-48ef-4cf3-9404-2210d57c960e'),(203,'0d30d813-48ef-4cf3-9404-2210d57c960e'),(204,'0d30d813-48ef-4cf3-9404-2210d57c960e'),(205,'0d30d813-48ef-4cf3-9404-2210d57c960e'),(206,'0d30d813-48ef-4cf3-9404-2210d57c960e'),(207,'0d30d813-48ef-4cf3-9404-2210d57c960e'),(208,'0d30d813-48ef-4cf3-9404-2210d57c960e'),(209,'0d30d813-48ef-4cf3-9404-2210d57c960e'),(210,'0d30d813-48ef-4cf3-9404-2210d57c960e'),(211,'0d30d813-48ef-4cf3-9404-2210d57c960e'),(212,'0d30d813-48ef-4cf3-9404-2210d57c960e'),(213,'0d30d813-48ef-4cf3-9404-2210d57c960e'),(214,'0d30d813-48ef-4cf3-9404-2210d57c960e'),(215,'0d30d813-48ef-4cf3-9404-2210d57c960e'),(216,'0d30d813-48ef-4cf3-9404-2210d57c960e'),(217,'0d30d813-48ef-4cf3-9404-2210d57c960e'),(218,'0d30d813-48ef-4cf3-9404-2210d57c960e'),(219,'0d30d813-48ef-4cf3-9404-2210d57c960e'),(220,'0d30d813-48ef-4cf3-9404-2210d57c960e'),(221,'0d30d813-48ef-4cf3-9404-2210d57c960e'),(222,'0d30d813-48ef-4cf3-9404-2210d57c960e'),(223,'0d30d813-48ef-4cf3-9404-2210d57c960e'),(224,'0d30d813-48ef-4cf3-9404-2210d57c960e'),(225,'0d30d813-48ef-4cf3-9404-2210d57c960e'),(226,'0d30d813-48ef-4cf3-9404-2210d57c960e'),(227,'0d30d813-48ef-4cf3-9404-2210d57c960e'),(228,'0d30d813-48ef-4cf3-9404-2210d57c960e'),(229,'0d30d813-48ef-4cf3-9404-2210d57c960e'),(230,'0d30d813-48ef-4cf3-9404-2210d57c960e'),(231,'0d30d813-48ef-4cf3-9404-2210d57c960e'),(232,'0d30d813-48ef-4cf3-9404-2210d57c960e'),(233,'0d30d813-48ef-4cf3-9404-2210d57c960e'),(234,'0d30d813-48ef-4cf3-9404-2210d57c960e'),(235,'0d30d813-48ef-4cf3-9404-2210d57c960e'),(236,'0d30d813-48ef-4cf3-9404-2210d57c960e'),(237,'0d30d813-48ef-4cf3-9404-2210d57c960e'),(238,'0d30d813-48ef-4cf3-9404-2210d57c960e'),(239,'0d30d813-48ef-4cf3-9404-2210d57c960e'),(240,'0d30d813-48ef-4cf3-9404-2210d57c960e'),(241,'0d30d813-48ef-4cf3-9404-2210d57c960e'),(242,'0d30d813-48ef-4cf3-9404-2210d57c960e'),(243,'0d30d813-48ef-4cf3-9404-2210d57c960e'),(244,'0d30d813-48ef-4cf3-9404-2210d57c960e'),(245,'0d30d813-48ef-4cf3-9404-2210d57c960e'),(246,'0d30d813-48ef-4cf3-9404-2210d57c960e'),(247,'0d30d813-48ef-4cf3-9404-2210d57c960e'),(248,'0d30d813-48ef-4cf3-9404-2210d57c960e'),(249,'0d30d813-48ef-4cf3-9404-2210d57c960e'),(250,'0d30d813-48ef-4cf3-9404-2210d57c960e'),(251,'0d30d813-48ef-4cf3-9404-2210d57c960e'),(252,'0d30d813-48ef-4cf3-9404-2210d57c960e'),(253,'0d30d813-48ef-4cf3-9404-2210d57c960e'),(254,'0d30d813-48ef-4cf3-9404-2210d57c960e'),(255,'0d30d813-48ef-4cf3-9404-2210d57c960e'),(256,'0d30d813-48ef-4cf3-9404-2210d57c960e'),(257,'0d30d813-48ef-4cf3-9404-2210d57c960e'),(258,'0d30d813-48ef-4cf3-9404-2210d57c960e'),(259,'0d30d813-48ef-4cf3-9404-2210d57c960e'),(260,'0d30d813-48ef-4cf3-9404-2210d57c960e'),(261,'0d30d813-48ef-4cf3-9404-2210d57c960e'),(262,'0d30d813-48ef-4cf3-9404-2210d57c960e'),(263,'0d30d813-48ef-4cf3-9404-2210d57c960e'),(264,'0d30d813-48ef-4cf3-9404-2210d57c960e'),(265,'0d30d813-48ef-4cf3-9404-2210d57c960e'),(266,'0d30d813-48ef-4cf3-9404-2210d57c960e'),(267,'0d30d813-48ef-4cf3-9404-2210d57c960e'),(268,'0d30d813-48ef-4cf3-9404-2210d57c960e'),(269,'0d30d813-48ef-4cf3-9404-2210d57c960e'),(270,'0d30d813-48ef-4cf3-9404-2210d57c960e'),(271,'0d30d813-48ef-4cf3-9404-2210d57c960e'),(272,'0d30d813-48ef-4cf3-9404-2210d57c960e'),(273,'0d30d813-48ef-4cf3-9404-2210d57c960e'),(274,'0d30d813-48ef-4cf3-9404-2210d57c960e'),(275,'0d30d813-48ef-4cf3-9404-2210d57c960e'),(276,'0d30d813-48ef-4cf3-9404-2210d57c960e'),(277,'0d30d813-48ef-4cf3-9404-2210d57c960e'),(278,'0d30d813-48ef-4cf3-9404-2210d57c960e'),(279,'0d30d813-48ef-4cf3-9404-2210d57c960e'),(280,'0d30d813-48ef-4cf3-9404-2210d57c960e'),(281,'0d30d813-48ef-4cf3-9404-2210d57c960e'),(282,'0d30d813-48ef-4cf3-9404-2210d57c960e'),(283,'0d30d813-48ef-4cf3-9404-2210d57c960e'),(284,'0d30d813-48ef-4cf3-9404-2210d57c960e'),(285,'0d30d813-48ef-4cf3-9404-2210d57c960e'),(286,'0d30d813-48ef-4cf3-9404-2210d57c960e'),(287,'0d30d813-48ef-4cf3-9404-2210d57c960e'),(288,'0d30d813-48ef-4cf3-9404-2210d57c960e'),(289,'0d30d813-48ef-4cf3-9404-2210d57c960e'),(290,'0d30d813-48ef-4cf3-9404-2210d57c960e'),(291,'0d30d813-48ef-4cf3-9404-2210d57c960e'),(292,'0d30d813-48ef-4cf3-9404-2210d57c960e'),(293,'0d30d813-48ef-4cf3-9404-2210d57c960e'),(294,'0d30d813-48ef-4cf3-9404-2210d57c960e'),(295,'0d30d813-48ef-4cf3-9404-2210d57c960e'),(296,'0d30d813-48ef-4cf3-9404-2210d57c960e'),(297,'0d30d813-48ef-4cf3-9404-2210d57c960e'),(298,'0d30d813-48ef-4cf3-9404-2210d57c960e'),(299,'0d30d813-48ef-4cf3-9404-2210d57c960e'),(300,'0d30d813-48ef-4cf3-9404-2210d57c960e'),(301,'0d30d813-48ef-4cf3-9404-2210d57c960e'),(302,'0d30d813-48ef-4cf3-9404-2210d57c960e'),(303,'0d30d813-48ef-4cf3-9404-2210d57c960e'),(304,'0d30d813-48ef-4cf3-9404-2210d57c960e'),(305,'0d30d813-48ef-4cf3-9404-2210d57c960e'),(306,'0d30d813-48ef-4cf3-9404-2210d57c960e'),(307,'0d30d813-48ef-4cf3-9404-2210d57c960e'),(308,'0d30d813-48ef-4cf3-9404-2210d57c960e'),(309,'0d30d813-48ef-4cf3-9404-2210d57c960e'),(310,'0d30d813-48ef-4cf3-9404-2210d57c960e'),(311,'0d30d813-48ef-4cf3-9404-2210d57c960e'),(312,'0d30d813-48ef-4cf3-9404-2210d57c960e'),(313,'0d30d813-48ef-4cf3-9404-2210d57c960e'),(314,'0d30d813-48ef-4cf3-9404-2210d57c960e'),(315,'0d30d813-48ef-4cf3-9404-2210d57c960e');
/*!40000 ALTER TABLE `vms` ENABLE KEYS */;
UNLOCK TABLES;
/*!40103 SET TIME_ZONE=@OLD_TIME_ZONE */;

/*!40101 SET SQL_MODE=@OLD_SQL_MODE */;
/*!40014 SET FOREIGN_KEY_CHECKS=@OLD_FOREIGN_KEY_CHECKS */;
/*!40014 SET UNIQUE_CHECKS=@OLD_UNIQUE_CHECKS */;
/*!40101 SET CHARACTER_SET_CLIENT=@OLD_CHARACTER_SET_CLIENT */;
/*!40101 SET CHARACTER_SET_RESULTS=@OLD_CHARACTER_SET_RESULTS */;
/*!40101 SET COLLATION_CONNECTION=@OLD_COLLATION_CONNECTION */;
/*!40111 SET SQL_NOTES=@OLD_SQL_NOTES */;

-- Dump completed on 2020-01-06 23:24:43
