-- MySQL dump 10.15  Distrib 10.0.38-MariaDB, for debian-linux-gnu (x86_64)
--
-- Host: localhost    Database: neat
-- ------------------------------------------------------
-- Server version	10.0.38-MariaDB-0ubuntu0.16.04.1

/*!40101 SET @OLD_CHARACTER_SET_CLIENT=@@CHARACTER_SET_CLIENT */;
/*!40101 SET @OLD_CHARACTER_SET_RESULTS=@@CHARACTER_SET_RESULTS */;
/*!40101 SET @OLD_COLLATION_CONNECTION=@@COLLATION_CONNECTION */;
/*!40101 SET NAMES utf8mb4 */;
/*!40103 SET @OLD_TIME_ZONE=@@TIME_ZONE */;
/*!40103 SET TIME_ZONE='+00:00' */;
/*!40014 SET @OLD_UNIQUE_CHECKS=@@UNIQUE_CHECKS, UNIQUE_CHECKS=0 */;
/*!40014 SET @OLD_FOREIGN_KEY_CHECKS=@@FOREIGN_KEY_CHECKS, FOREIGN_KEY_CHECKS=0 */;
/*!40101 SET @OLD_SQL_MODE=@@SQL_MODE, SQL_MODE='NO_AUTO_VALUE_ON_ZERO' */;
/*!40111 SET @OLD_SQL_NOTES=@@SQL_NOTES, SQL_NOTES=0 */;

--
-- Table structure for table `host_overload`
--

DROP TABLE IF EXISTS `host_overload`;
/*!40101 SET @saved_cs_client     = @@character_set_client */;
/*!40101 SET character_set_client = utf8 */;
CREATE TABLE `host_overload` (
  `id` int(11) NOT NULL AUTO_INCREMENT,
  `host_id` int(11) NOT NULL,
  `timestamp` datetime DEFAULT NULL,
  `overload` int(11) NOT NULL,
  PRIMARY KEY (`id`),
  KEY `host_id` (`host_id`),
  CONSTRAINT `host_overload_ibfk_1` FOREIGN KEY (`host_id`) REFERENCES `hosts` (`id`)
) ENGINE=InnoDB AUTO_INCREMENT=89 DEFAULT CHARSET=utf8;
/*!40101 SET character_set_client = @saved_cs_client */;

--
-- Dumping data for table `host_overload`
--

LOCK TABLES `host_overload` WRITE;
/*!40000 ALTER TABLE `host_overload` DISABLE KEYS */;
INSERT INTO `host_overload` VALUES (1,4,'2019-12-29 11:33:49',0),(2,3,'2019-12-29 11:33:51',0),(3,2,'2019-12-29 11:33:53',0),(4,1,'2019-12-29 11:33:56',0),(5,2,'2019-12-29 11:46:45',1),(6,1,'2019-12-29 11:46:47',1),(7,4,'2019-12-29 11:51:42',1),(8,1,'2019-12-29 12:06:50',0),(9,1,'2019-12-29 12:11:52',1),(10,4,'2019-12-29 12:26:46',0),(11,4,'2019-12-29 12:31:46',1),(12,4,'2019-12-29 16:12:06',0),(13,4,'2019-12-29 16:17:06',1),(14,4,'2019-12-29 16:32:07',0),(15,4,'2019-12-29 16:37:08',1),(16,4,'2019-12-29 16:47:09',0),(17,4,'2019-12-29 16:52:09',1),(18,4,'2019-12-29 16:57:10',0),(19,4,'2019-12-29 17:12:11',1),(20,4,'2019-12-29 19:32:25',0),(21,4,'2019-12-29 19:37:25',1),(22,1,'2019-12-29 19:52:38',0),(23,1,'2019-12-29 20:02:39',1),(24,4,'2019-12-29 20:32:34',0),(25,4,'2019-12-29 20:37:34',1),(26,4,'2019-12-29 21:42:39',0),(27,4,'2019-12-29 21:47:40',1),(28,4,'2019-12-29 23:37:49',0),(29,1,'2019-12-29 23:43:03',0),(30,4,'2019-12-29 23:47:50',1),(31,1,'2019-12-29 23:53:03',1),(32,4,'2019-12-29 23:57:50',0),(33,4,'2019-12-30 00:07:51',1),(34,4,'2019-12-30 00:17:52',0),(35,4,'2019-12-30 00:22:52',1),(36,1,'2019-12-30 00:33:08',0),(37,4,'2019-12-30 00:42:54',0),(38,1,'2019-12-30 00:43:09',1),(39,4,'2019-12-30 00:47:55',1),(40,1,'2019-12-30 00:48:09',0),(41,4,'2019-12-30 00:52:55',0),(42,1,'2019-12-30 00:53:10',1),(43,1,'2019-12-30 01:08:12',0),(44,1,'2019-12-30 01:13:12',1),(45,4,'2019-12-30 01:22:57',1),(46,4,'2019-12-30 01:27:58',0),(47,1,'2019-12-30 01:48:15',0),(48,1,'2019-12-30 01:58:16',1),(49,4,'2019-12-30 02:53:03',1),(50,4,'2019-12-30 02:58:04',0),(51,4,'2019-12-30 03:18:06',1),(52,4,'2019-12-30 03:23:06',0),(53,1,'2019-12-30 03:23:22',0),(54,1,'2019-12-30 03:28:23',1),(55,1,'2019-12-30 03:33:24',0),(56,1,'2019-12-30 03:38:24',1),(57,1,'2019-12-30 03:53:26',0),(58,1,'2019-12-30 04:03:28',1),(59,4,'2019-12-30 04:18:09',1),(60,4,'2019-12-30 04:23:09',0),(61,1,'2019-12-30 04:33:31',0),(62,1,'2019-12-30 04:43:31',1),(63,1,'2019-12-30 05:43:38',0),(64,1,'2019-12-30 05:53:39',1),(65,4,'2019-12-30 06:03:16',1),(66,1,'2019-12-30 06:03:41',0),(67,4,'2019-12-30 06:08:16',0),(68,1,'2019-12-30 06:13:42',1),(69,4,'2019-12-30 06:18:16',1),(70,4,'2019-12-30 06:23:17',0),(71,1,'2019-12-30 07:08:48',0),(72,1,'2019-12-30 07:18:50',1),(73,1,'2019-12-30 07:53:56',0),(74,1,'2019-12-30 07:58:56',1),(75,1,'2019-12-30 08:28:58',0),(76,1,'2019-12-30 08:33:58',1),(77,1,'2019-12-30 08:54:00',0),(78,1,'2019-12-30 08:59:01',1),(79,1,'2019-12-30 09:19:02',0),(80,1,'2019-12-30 09:24:04',1),(81,4,'2019-12-30 10:18:32',1),(82,4,'2019-12-30 10:23:32',0),(83,1,'2019-12-30 10:49:11',0),(84,1,'2019-12-30 10:54:12',1),(85,1,'2019-12-30 11:29:15',0),(86,1,'2019-12-30 11:39:16',1),(87,1,'2019-12-30 11:49:17',0),(88,2,'2019-12-30 11:49:23',0);
/*!40000 ALTER TABLE `host_overload` ENABLE KEYS */;
UNLOCK TABLES;

--
-- Table structure for table `host_resource_usage`
--

DROP TABLE IF EXISTS `host_resource_usage`;
/*!40101 SET @saved_cs_client     = @@character_set_client */;
/*!40101 SET character_set_client = utf8 */;
CREATE TABLE `host_resource_usage` (
  `id` int(11) NOT NULL AUTO_INCREMENT,
  `host_id` int(11) NOT NULL,
  `timestamp` datetime DEFAULT NULL,
  `cpu_mhz` int(11) NOT NULL,
  PRIMARY KEY (`id`),
  KEY `host_id` (`host_id`),
  CONSTRAINT `host_resource_usage_ibfk_1` FOREIGN KEY (`host_id`) REFERENCES `hosts` (`id`)
) ENGINE=InnoDB AUTO_INCREMENT=1345 DEFAULT CHARSET=utf8;
/*!40101 SET character_set_client = @saved_cs_client */;

--
-- Dumping data for table `host_resource_usage`
--

LOCK TABLES `host_resource_usage` WRITE;
/*!40000 ALTER TABLE `host_resource_usage` DISABLE KEYS */;
INSERT INTO `host_resource_usage` VALUES (1238,4,'2019-12-30 13:13:40',116),(1239,1,'2019-12-30 13:14:19',100),(1240,2,'2019-12-30 13:14:26',72),(1241,3,'2019-12-30 13:17:19',35),(1242,4,'2019-12-30 13:18:40',94),(1243,1,'2019-12-30 13:19:19',86),(1244,2,'2019-12-30 13:19:27',90),(1245,3,'2019-12-30 13:22:19',35),(1246,4,'2019-12-30 13:23:40',88),(1247,1,'2019-12-30 13:24:19',96),(1248,2,'2019-12-30 13:24:27',67),(1249,3,'2019-12-30 13:27:19',35),(1250,4,'2019-12-30 13:28:40',87),(1251,1,'2019-12-30 13:29:19',101),(1252,2,'2019-12-30 13:29:27',89),(1253,3,'2019-12-30 13:32:19',34),(1254,4,'2019-12-30 13:33:41',90),(1255,1,'2019-12-30 13:34:19',100),(1256,2,'2019-12-30 13:34:27',85),(1257,3,'2019-12-30 13:37:19',33),(1258,4,'2019-12-30 13:38:41',95),(1259,1,'2019-12-30 13:39:19',107),(1260,2,'2019-12-30 13:39:28',94),(1261,3,'2019-12-30 13:42:19',32),(1262,4,'2019-12-30 13:43:41',96),(1263,1,'2019-12-30 13:44:19',99),(1264,2,'2019-12-30 13:44:29',75),(1265,3,'2019-12-30 13:47:20',33),(1266,4,'2019-12-30 13:48:41',87),(1267,1,'2019-12-30 13:49:19',101),(1268,2,'2019-12-30 13:49:29',63),(1269,3,'2019-12-30 13:52:20',34),(1270,4,'2019-12-30 13:53:41',93),(1271,1,'2019-12-30 13:54:19',103),(1272,2,'2019-12-30 13:54:30',84),(1273,3,'2019-12-30 13:57:20',34),(1274,4,'2019-12-30 13:58:41',99),(1275,1,'2019-12-30 13:59:20',101),(1276,2,'2019-12-30 13:59:30',99),(1277,3,'2019-12-30 14:02:20',33),(1278,4,'2019-12-30 14:03:41',83),(1279,1,'2019-12-30 14:04:20',100),(1280,2,'2019-12-30 14:04:30',83),(1281,3,'2019-12-30 14:07:20',34),(1282,4,'2019-12-30 14:08:41',94),(1283,1,'2019-12-30 14:09:20',104),(1284,2,'2019-12-30 14:09:30',72),(1285,3,'2019-12-30 14:12:20',36),(1286,4,'2019-12-30 14:13:42',96),(1287,1,'2019-12-30 14:14:20',102),(1288,2,'2019-12-30 14:14:30',81),(1289,3,'2019-12-30 14:17:20',33),(1290,4,'2019-12-30 14:18:42',92),(1291,1,'2019-12-30 14:19:20',99),(1292,2,'2019-12-30 14:19:31',99),(1293,3,'2019-12-30 14:22:20',34),(1294,4,'2019-12-30 14:23:42',102),(1295,1,'2019-12-30 14:24:20',98),(1296,2,'2019-12-30 14:24:31',69),(1297,3,'2019-12-30 14:27:20',32),(1298,4,'2019-12-30 14:28:42',97),(1299,1,'2019-12-30 14:29:20',94),(1300,2,'2019-12-30 14:29:31',83),(1301,3,'2019-12-30 14:32:20',34),(1302,4,'2019-12-30 14:33:42',89),(1303,1,'2019-12-30 14:34:20',101),(1304,2,'2019-12-30 14:34:31',82),(1305,3,'2019-12-30 14:37:20',33),(1306,4,'2019-12-30 14:38:42',96),(1307,1,'2019-12-30 14:39:21',99),(1308,2,'2019-12-30 14:39:31',92),(1309,3,'2019-12-30 14:42:20',33),(1310,4,'2019-12-30 14:43:43',88),(1311,1,'2019-12-30 14:44:21',101),(1312,2,'2019-12-30 14:44:32',75),(1313,3,'2019-12-30 14:47:20',34),(1314,4,'2019-12-30 14:48:43',89),(1315,1,'2019-12-30 14:49:21',98),(1316,2,'2019-12-30 14:49:32',79),(1317,3,'2019-12-30 14:52:20',34),(1318,4,'2019-12-30 14:53:43',97),(1319,1,'2019-12-30 14:54:21',102),(1320,2,'2019-12-30 14:54:32',80),(1321,3,'2019-12-30 14:57:20',34),(1322,4,'2019-12-30 14:58:43',94),(1323,1,'2019-12-30 14:59:21',107),(1324,2,'2019-12-30 14:59:32',103),(1325,3,'2019-12-30 15:02:20',33),(1326,4,'2019-12-30 15:03:43',99),(1327,1,'2019-12-30 15:04:21',101),(1328,2,'2019-12-30 15:04:32',95),(1329,3,'2019-12-30 15:07:20',33),(1330,4,'2019-12-30 15:08:43',79),(1331,1,'2019-12-30 15:09:21',100),(1332,2,'2019-12-30 15:09:32',74),(1333,3,'2019-12-30 15:12:21',35),(1334,4,'2019-12-30 15:13:43',104),(1335,1,'2019-12-30 15:14:21',102),(1336,2,'2019-12-30 15:14:33',52),(1337,3,'2019-12-30 15:17:21',33),(1338,4,'2019-12-30 15:18:43',214),(1339,1,'2019-12-30 15:19:21',87),(1340,2,'2019-12-30 15:19:33',110),(1341,3,'2019-12-30 15:22:21',37),(1342,4,'2019-12-30 15:23:44',119),(1343,1,'2019-12-30 15:24:21',98),(1344,2,'2019-12-30 15:24:33',73);
/*!40000 ALTER TABLE `host_resource_usage` ENABLE KEYS */;
UNLOCK TABLES;

--
-- Table structure for table `host_states`
--

DROP TABLE IF EXISTS `host_states`;
/*!40101 SET @saved_cs_client     = @@character_set_client */;
/*!40101 SET character_set_client = utf8 */;
CREATE TABLE `host_states` (
  `id` int(11) NOT NULL AUTO_INCREMENT,
  `host_id` int(11) NOT NULL,
  `timestamp` datetime DEFAULT NULL,
  `state` int(11) NOT NULL,
  PRIMARY KEY (`id`),
  KEY `host_id` (`host_id`),
  CONSTRAINT `host_states_ibfk_1` FOREIGN KEY (`host_id`) REFERENCES `hosts` (`id`)
) ENGINE=InnoDB AUTO_INCREMENT=6 DEFAULT CHARSET=utf8;
/*!40101 SET character_set_client = @saved_cs_client */;

--
-- Dumping data for table `host_states`
--

LOCK TABLES `host_states` WRITE;
/*!40000 ALTER TABLE `host_states` DISABLE KEYS */;
INSERT INTO `host_states` VALUES (1,1,'2019-12-29 11:43:00',1),(2,3,'2019-12-29 11:43:00',1),(3,2,'2019-12-29 11:43:00',1),(4,4,'2019-12-29 11:43:00',1),(5,3,'2019-12-29 11:45:25',0);
/*!40000 ALTER TABLE `host_states` ENABLE KEYS */;
UNLOCK TABLES;

--
-- Table structure for table `hosts`
--

DROP TABLE IF EXISTS `hosts`;
/*!40101 SET @saved_cs_client     = @@character_set_client */;
/*!40101 SET character_set_client = utf8 */;
CREATE TABLE `hosts` (
  `id` int(11) NOT NULL AUTO_INCREMENT,
  `hostname` varchar(255) NOT NULL,
  `cpu_mhz` int(11) NOT NULL,
  `cpu_cores` int(11) NOT NULL,
  `ram` int(11) NOT NULL,
  PRIMARY KEY (`id`)
) ENGINE=InnoDB AUTO_INCREMENT=5 DEFAULT CHARSET=utf8;
/*!40101 SET character_set_client = @saved_cs_client */;

--
-- Dumping data for table `hosts`
--

LOCK TABLES `hosts` WRITE;
/*!40000 ALTER TABLE `hosts` DISABLE KEYS */;
INSERT INTO `hosts` VALUES (1,'compute1',8776,4,16041),(2,'compute2',8776,4,16041),(3,'compute3',8776,4,16041),(4,'compute4',8776,4,16041);
/*!40000 ALTER TABLE `hosts` ENABLE KEYS */;
UNLOCK TABLES;

--
-- Table structure for table `vm_migrations`
--

DROP TABLE IF EXISTS `vm_migrations`;
/*!40101 SET @saved_cs_client     = @@character_set_client */;
/*!40101 SET character_set_client = utf8 */;
CREATE TABLE `vm_migrations` (
  `id` int(11) NOT NULL AUTO_INCREMENT,
  `vm_id` int(11) NOT NULL,
  `host_id` int(11) NOT NULL,
  `timestamp` datetime DEFAULT NULL,
  PRIMARY KEY (`id`),
  KEY `vm_id` (`vm_id`),
  KEY `host_id` (`host_id`),
  CONSTRAINT `vm_migrations_ibfk_1` FOREIGN KEY (`vm_id`) REFERENCES `vms` (`id`),
  CONSTRAINT `vm_migrations_ibfk_2` FOREIGN KEY (`host_id`) REFERENCES `hosts` (`id`)
) ENGINE=InnoDB AUTO_INCREMENT=9 DEFAULT CHARSET=utf8;
/*!40101 SET character_set_client = @saved_cs_client */;

--
-- Dumping data for table `vm_migrations`
--

LOCK TABLES `vm_migrations` WRITE;
/*!40000 ALTER TABLE `vm_migrations` DISABLE KEYS */;
INSERT INTO `vm_migrations` VALUES (1,15,1,'2019-12-29 11:45:11'),(2,16,2,'2019-12-29 11:46:06'),(3,17,2,'2019-12-29 11:46:59'),(4,18,1,'2019-12-29 11:47:52'),(5,19,2,'2019-12-29 11:49:29'),(6,20,2,'2019-12-29 11:43:54'),(7,21,2,'2019-12-29 11:45:25'),(8,6,4,'2019-12-29 11:48:27');
/*!40000 ALTER TABLE `vm_migrations` ENABLE KEYS */;
UNLOCK TABLES;

--
-- Table structure for table `vm_resource_usage`
--

DROP TABLE IF EXISTS `vm_resource_usage`;
/*!40101 SET @saved_cs_client     = @@character_set_client */;
/*!40101 SET character_set_client = utf8 */;
CREATE TABLE `vm_resource_usage` (
  `id` int(11) NOT NULL AUTO_INCREMENT,
  `vm_id` int(11) NOT NULL,
  `timestamp` datetime DEFAULT NULL,
  `cpu_mhz` int(11) NOT NULL,
  PRIMARY KEY (`id`),
  KEY `vm_id` (`vm_id`),
  CONSTRAINT `vm_resource_usage_ibfk_1` FOREIGN KEY (`vm_id`) REFERENCES `vms` (`id`)
) ENGINE=InnoDB AUTO_INCREMENT=9437 DEFAULT CHARSET=utf8;
/*!40101 SET character_set_client = @saved_cs_client */;

--
-- Dumping data for table `vm_resource_usage`
--

LOCK TABLES `vm_resource_usage` WRITE;
/*!40000 ALTER TABLE `vm_resource_usage` DISABLE KEYS */;
INSERT INTO `vm_resource_usage` VALUES (8681,22,'2019-12-30 13:13:40',7),(8682,23,'2019-12-30 13:13:40',4),(8683,27,'2019-12-30 13:13:40',4),(8684,25,'2019-12-30 13:13:40',6),(8685,26,'2019-12-30 13:13:40',4),(8686,6,'2019-12-30 13:13:40',7),(8687,24,'2019-12-30 13:13:40',3),(8688,28,'2019-12-30 13:13:40',4),(8689,1,'2019-12-30 13:14:19',4),(8690,2,'2019-12-30 13:14:19',2),(8691,3,'2019-12-30 13:14:19',2),(8692,4,'2019-12-30 13:14:19',2),(8693,5,'2019-12-30 13:14:19',2),(8694,18,'2019-12-30 13:14:19',2),(8695,13,'2019-12-30 13:14:19',2),(8696,15,'2019-12-30 13:14:19',2),(8697,7,'2019-12-30 13:14:19',4),(8698,8,'2019-12-30 13:14:26',2),(8699,12,'2019-12-30 13:14:26',2),(8700,9,'2019-12-30 13:14:26',2),(8701,10,'2019-12-30 13:14:26',2),(8702,16,'2019-12-30 13:14:26',2),(8703,11,'2019-12-30 13:14:26',2),(8704,17,'2019-12-30 13:14:26',2),(8705,19,'2019-12-30 13:14:26',2),(8706,20,'2019-12-30 13:14:26',2),(8707,14,'2019-12-30 13:14:26',2),(8708,21,'2019-12-30 13:14:26',2194),(8709,22,'2019-12-30 13:18:40',13),(8710,23,'2019-12-30 13:18:40',4),(8711,27,'2019-12-30 13:18:40',4),(8712,25,'2019-12-30 13:18:40',5),(8713,26,'2019-12-30 13:18:40',5),(8714,6,'2019-12-30 13:18:40',4),(8715,24,'2019-12-30 13:18:40',4),(8716,28,'2019-12-30 13:18:40',3),(8717,1,'2019-12-30 13:19:19',4),(8718,2,'2019-12-30 13:19:19',2),(8719,3,'2019-12-30 13:19:19',2),(8720,4,'2019-12-30 13:19:19',2),(8721,5,'2019-12-30 13:19:19',2),(8722,18,'2019-12-30 13:19:19',2),(8723,13,'2019-12-30 13:19:19',2),(8724,15,'2019-12-30 13:19:19',2),(8725,7,'2019-12-30 13:19:19',4),(8726,8,'2019-12-30 13:19:27',2),(8727,12,'2019-12-30 13:19:27',2),(8728,9,'2019-12-30 13:19:27',2),(8729,10,'2019-12-30 13:19:27',2),(8730,16,'2019-12-30 13:19:27',2),(8731,11,'2019-12-30 13:19:27',2),(8732,17,'2019-12-30 13:19:27',2),(8733,19,'2019-12-30 13:19:27',2),(8734,20,'2019-12-30 13:19:27',2),(8735,14,'2019-12-30 13:19:27',2),(8736,21,'2019-12-30 13:19:27',2192),(8737,22,'2019-12-30 13:23:40',4),(8738,23,'2019-12-30 13:23:40',2),(8739,27,'2019-12-30 13:23:40',2),(8740,25,'2019-12-30 13:23:40',4),(8741,26,'2019-12-30 13:23:40',2),(8742,6,'2019-12-30 13:23:40',4),(8743,24,'2019-12-30 13:23:40',10),(8744,28,'2019-12-30 13:23:40',2),(8745,1,'2019-12-30 13:24:19',4),(8746,2,'2019-12-30 13:24:19',2),(8747,3,'2019-12-30 13:24:19',2),(8748,4,'2019-12-30 13:24:19',2),(8749,5,'2019-12-30 13:24:19',2),(8750,18,'2019-12-30 13:24:19',2),(8751,13,'2019-12-30 13:24:19',4),(8752,15,'2019-12-30 13:24:19',2),(8753,7,'2019-12-30 13:24:19',4),(8754,8,'2019-12-30 13:24:27',5),(8755,12,'2019-12-30 13:24:27',8),(8756,9,'2019-12-30 13:24:27',9),(8757,10,'2019-12-30 13:24:27',11),(8758,16,'2019-12-30 13:24:27',2),(8759,11,'2019-12-30 13:24:27',8),(8760,17,'2019-12-30 13:24:27',2),(8761,19,'2019-12-30 13:24:27',2),(8762,20,'2019-12-30 13:24:27',2),(8763,14,'2019-12-30 13:24:27',3),(8764,21,'2019-12-30 13:24:27',2193),(8765,22,'2019-12-30 13:28:40',4),(8766,23,'2019-12-30 13:28:40',2),(8767,27,'2019-12-30 13:28:40',2),(8768,25,'2019-12-30 13:28:40',4),(8769,26,'2019-12-30 13:28:40',2),(8770,6,'2019-12-30 13:28:40',4),(8771,24,'2019-12-30 13:28:40',2),(8772,28,'2019-12-30 13:28:40',2),(8773,1,'2019-12-30 13:29:19',4),(8774,2,'2019-12-30 13:29:19',2),(8775,3,'2019-12-30 13:29:19',2),(8776,4,'2019-12-30 13:29:19',2),(8777,5,'2019-12-30 13:29:19',2),(8778,18,'2019-12-30 13:29:19',2),(8779,13,'2019-12-30 13:29:19',2),(8780,15,'2019-12-30 13:29:19',2),(8781,7,'2019-12-30 13:29:19',4),(8782,8,'2019-12-30 13:29:27',2),(8783,12,'2019-12-30 13:29:27',2),(8784,9,'2019-12-30 13:29:27',2),(8785,10,'2019-12-30 13:29:27',2),(8786,16,'2019-12-30 13:29:27',10),(8787,11,'2019-12-30 13:29:27',2),(8788,17,'2019-12-30 13:29:27',2),(8789,19,'2019-12-30 13:29:27',2),(8790,20,'2019-12-30 13:29:27',2),(8791,14,'2019-12-30 13:29:27',2),(8792,21,'2019-12-30 13:29:27',2192),(8793,22,'2019-12-30 13:33:41',5),(8794,23,'2019-12-30 13:33:41',3),(8795,27,'2019-12-30 13:33:41',3),(8796,25,'2019-12-30 13:33:41',5),(8797,26,'2019-12-30 13:33:41',3),(8798,6,'2019-12-30 13:33:41',5),(8799,24,'2019-12-30 13:33:41',3),(8800,28,'2019-12-30 13:33:41',3),(8801,1,'2019-12-30 13:34:19',5),(8802,2,'2019-12-30 13:34:19',3),(8803,3,'2019-12-30 13:34:19',3),(8804,4,'2019-12-30 13:34:19',3),(8805,5,'2019-12-30 13:34:19',3),(8806,18,'2019-12-30 13:34:19',3),(8807,13,'2019-12-30 13:34:19',3),(8808,15,'2019-12-30 13:34:19',3),(8809,7,'2019-12-30 13:34:19',5),(8810,8,'2019-12-30 13:34:27',2),(8811,12,'2019-12-30 13:34:27',2),(8812,9,'2019-12-30 13:34:27',2),(8813,10,'2019-12-30 13:34:27',3),(8814,16,'2019-12-30 13:34:27',2),(8815,11,'2019-12-30 13:34:27',2),(8816,17,'2019-12-30 13:34:27',3),(8817,19,'2019-12-30 13:34:27',2),(8818,20,'2019-12-30 13:34:27',2),(8819,14,'2019-12-30 13:34:27',4),(8820,21,'2019-12-30 13:34:27',2193),(8821,22,'2019-12-30 13:38:41',5),(8822,23,'2019-12-30 13:38:41',3),(8823,27,'2019-12-30 13:38:41',3),(8824,25,'2019-12-30 13:38:41',5),(8825,26,'2019-12-30 13:38:41',3),(8826,6,'2019-12-30 13:38:41',5),(8827,24,'2019-12-30 13:38:41',3),(8828,28,'2019-12-30 13:38:41',3),(8829,1,'2019-12-30 13:39:19',12),(8830,2,'2019-12-30 13:39:19',2),(8831,3,'2019-12-30 13:39:19',2),(8832,4,'2019-12-30 13:39:19',2),(8833,5,'2019-12-30 13:39:19',2),(8834,18,'2019-12-30 13:39:19',2),(8835,13,'2019-12-30 13:39:19',2),(8836,15,'2019-12-30 13:39:19',2),(8837,7,'2019-12-30 13:39:19',4),(8838,8,'2019-12-30 13:39:28',2),(8839,12,'2019-12-30 13:39:28',2),(8840,9,'2019-12-30 13:39:28',2),(8841,10,'2019-12-30 13:39:28',2),(8842,16,'2019-12-30 13:39:28',2),(8843,11,'2019-12-30 13:39:28',2),(8844,17,'2019-12-30 13:39:28',2),(8845,19,'2019-12-30 13:39:28',2),(8846,20,'2019-12-30 13:39:28',2),(8847,14,'2019-12-30 13:39:28',2),(8848,21,'2019-12-30 13:39:28',2194),(8849,22,'2019-12-30 13:43:41',6),(8850,23,'2019-12-30 13:43:41',3),(8851,27,'2019-12-30 13:43:41',3),(8852,25,'2019-12-30 13:43:41',5),(8853,26,'2019-12-30 13:43:41',3),(8854,6,'2019-12-30 13:43:41',5),(8855,24,'2019-12-30 13:43:41',3),(8856,28,'2019-12-30 13:43:41',3),(8857,1,'2019-12-30 13:44:19',4),(8858,2,'2019-12-30 13:44:19',2),(8859,3,'2019-12-30 13:44:19',2),(8860,4,'2019-12-30 13:44:19',2),(8861,5,'2019-12-30 13:44:19',2),(8862,18,'2019-12-30 13:44:19',2),(8863,13,'2019-12-30 13:44:19',2),(8864,15,'2019-12-30 13:44:19',2),(8865,7,'2019-12-30 13:44:19',4),(8866,8,'2019-12-30 13:44:29',2),(8867,12,'2019-12-30 13:44:29',2),(8868,9,'2019-12-30 13:44:29',2),(8869,10,'2019-12-30 13:44:29',2),(8870,16,'2019-12-30 13:44:29',2),(8871,11,'2019-12-30 13:44:29',2),(8872,17,'2019-12-30 13:44:29',2),(8873,19,'2019-12-30 13:44:29',2),(8874,20,'2019-12-30 13:44:29',2),(8875,14,'2019-12-30 13:44:29',2),(8876,21,'2019-12-30 13:44:29',2193),(8877,22,'2019-12-30 13:48:41',4),(8878,23,'2019-12-30 13:48:41',9),(8879,27,'2019-12-30 13:48:41',2),(8880,25,'2019-12-30 13:48:41',4),(8881,26,'2019-12-30 13:48:41',2),(8882,6,'2019-12-30 13:48:41',4),(8883,24,'2019-12-30 13:48:41',2),(8884,28,'2019-12-30 13:48:41',2),(8885,1,'2019-12-30 13:49:19',4),(8886,2,'2019-12-30 13:49:19',2),(8887,3,'2019-12-30 13:49:19',2),(8888,4,'2019-12-30 13:49:19',2),(8889,5,'2019-12-30 13:49:19',2),(8890,18,'2019-12-30 13:49:19',2),(8891,13,'2019-12-30 13:49:19',2),(8892,15,'2019-12-30 13:49:19',2),(8893,7,'2019-12-30 13:49:19',4),(8894,8,'2019-12-30 13:49:29',2),(8895,12,'2019-12-30 13:49:29',2),(8896,9,'2019-12-30 13:49:29',2),(8897,10,'2019-12-30 13:49:29',10),(8898,16,'2019-12-30 13:49:29',2),(8899,11,'2019-12-30 13:49:29',2),(8900,17,'2019-12-30 13:49:29',2),(8901,19,'2019-12-30 13:49:29',2),(8902,20,'2019-12-30 13:49:29',2),(8903,14,'2019-12-30 13:49:29',2),(8904,21,'2019-12-30 13:49:29',2191),(8905,22,'2019-12-30 13:53:41',4),(8906,23,'2019-12-30 13:53:41',2),(8907,27,'2019-12-30 13:53:41',2),(8908,25,'2019-12-30 13:53:41',4),(8909,26,'2019-12-30 13:53:41',10),(8910,6,'2019-12-30 13:53:41',4),(8911,24,'2019-12-30 13:53:41',2),(8912,28,'2019-12-30 13:53:41',2),(8913,1,'2019-12-30 13:54:19',6),(8914,2,'2019-12-30 13:54:19',2),(8915,3,'2019-12-30 13:54:19',2),(8916,4,'2019-12-30 13:54:19',2),(8917,5,'2019-12-30 13:54:19',2),(8918,18,'2019-12-30 13:54:19',2),(8919,13,'2019-12-30 13:54:19',2),(8920,15,'2019-12-30 13:54:19',2),(8921,7,'2019-12-30 13:54:19',4),(8922,8,'2019-12-30 13:54:30',2),(8923,12,'2019-12-30 13:54:30',2),(8924,9,'2019-12-30 13:54:30',2),(8925,10,'2019-12-30 13:54:30',4),(8926,16,'2019-12-30 13:54:30',3),(8927,11,'2019-12-30 13:54:30',2),(8928,17,'2019-12-30 13:54:30',3),(8929,19,'2019-12-30 13:54:30',2),(8930,20,'2019-12-30 13:54:30',2),(8931,14,'2019-12-30 13:54:30',2),(8932,21,'2019-12-30 13:54:30',2197),(8933,22,'2019-12-30 13:58:41',5),(8934,23,'2019-12-30 13:58:41',3),(8935,27,'2019-12-30 13:58:41',3),(8936,25,'2019-12-30 13:58:41',5),(8937,26,'2019-12-30 13:58:41',3),(8938,6,'2019-12-30 13:58:41',6),(8939,24,'2019-12-30 13:58:41',3),(8940,28,'2019-12-30 13:58:41',3),(8941,1,'2019-12-30 13:59:20',6),(8942,2,'2019-12-30 13:59:20',4),(8943,3,'2019-12-30 13:59:20',4),(8944,4,'2019-12-30 13:59:20',4),(8945,5,'2019-12-30 13:59:20',5),(8946,18,'2019-12-30 13:59:20',2),(8947,13,'2019-12-30 13:59:20',2),(8948,15,'2019-12-30 13:59:20',8),(8949,7,'2019-12-30 13:59:20',5),(8950,8,'2019-12-30 13:59:30',2),(8951,12,'2019-12-30 13:59:30',2),(8952,9,'2019-12-30 13:59:30',2),(8953,10,'2019-12-30 13:59:30',2),(8954,16,'2019-12-30 13:59:30',2),(8955,11,'2019-12-30 13:59:30',2),(8956,17,'2019-12-30 13:59:30',2),(8957,19,'2019-12-30 13:59:30',2),(8958,20,'2019-12-30 13:59:30',2),(8959,14,'2019-12-30 13:59:30',2),(8960,21,'2019-12-30 13:59:30',2188),(8961,22,'2019-12-30 14:03:41',5),(8962,23,'2019-12-30 14:03:41',3),(8963,27,'2019-12-30 14:03:41',11),(8964,25,'2019-12-30 14:03:41',4),(8965,26,'2019-12-30 14:03:41',3),(8966,6,'2019-12-30 14:03:41',4),(8967,24,'2019-12-30 14:03:41',2),(8968,28,'2019-12-30 14:03:41',2),(8969,1,'2019-12-30 14:04:20',4),(8970,2,'2019-12-30 14:04:20',2),(8971,3,'2019-12-30 14:04:20',2),(8972,4,'2019-12-30 14:04:20',2),(8973,5,'2019-12-30 14:04:20',2),(8974,18,'2019-12-30 14:04:20',10),(8975,13,'2019-12-30 14:04:20',2),(8976,15,'2019-12-30 14:04:20',2),(8977,7,'2019-12-30 14:04:20',4),(8978,8,'2019-12-30 14:04:30',2),(8979,12,'2019-12-30 14:04:30',2),(8980,9,'2019-12-30 14:04:30',2),(8981,10,'2019-12-30 14:04:30',2),(8982,16,'2019-12-30 14:04:30',4),(8983,11,'2019-12-30 14:04:30',2),(8984,17,'2019-12-30 14:04:30',2),(8985,19,'2019-12-30 14:04:30',2),(8986,20,'2019-12-30 14:04:30',2),(8987,14,'2019-12-30 14:04:30',2),(8988,21,'2019-12-30 14:04:30',2193),(8989,22,'2019-12-30 14:08:41',4),(8990,23,'2019-12-30 14:08:41',2),(8991,27,'2019-12-30 14:08:41',2),(8992,25,'2019-12-30 14:08:41',4),(8993,26,'2019-12-30 14:08:41',2),(8994,6,'2019-12-30 14:08:41',4),(8995,24,'2019-12-30 14:08:41',2),(8996,28,'2019-12-30 14:08:41',2),(8997,1,'2019-12-30 14:09:20',4),(8998,2,'2019-12-30 14:09:20',2),(8999,3,'2019-12-30 14:09:20',2),(9000,4,'2019-12-30 14:09:20',2),(9001,5,'2019-12-30 14:09:20',2),(9002,18,'2019-12-30 14:09:20',4),(9003,13,'2019-12-30 14:09:20',2),(9004,15,'2019-12-30 14:09:20',6),(9005,7,'2019-12-30 14:09:20',4),(9006,8,'2019-12-30 14:09:30',2),(9007,12,'2019-12-30 14:09:30',2),(9008,9,'2019-12-30 14:09:30',2),(9009,10,'2019-12-30 14:09:30',2),(9010,16,'2019-12-30 14:09:30',4),(9011,11,'2019-12-30 14:09:30',2),(9012,17,'2019-12-30 14:09:30',4),(9013,19,'2019-12-30 14:09:30',3),(9014,20,'2019-12-30 14:09:30',3),(9015,14,'2019-12-30 14:09:30',2),(9016,21,'2019-12-30 14:09:30',2192),(9017,22,'2019-12-30 14:13:42',5),(9018,23,'2019-12-30 14:13:42',3),(9019,27,'2019-12-30 14:13:42',4),(9020,25,'2019-12-30 14:13:42',5),(9021,26,'2019-12-30 14:13:42',3),(9022,6,'2019-12-30 14:13:42',5),(9023,24,'2019-12-30 14:13:42',3),(9024,28,'2019-12-30 14:13:42',3),(9025,1,'2019-12-30 14:14:20',4),(9026,2,'2019-12-30 14:14:20',2),(9027,3,'2019-12-30 14:14:20',2),(9028,4,'2019-12-30 14:14:20',2),(9029,5,'2019-12-30 14:14:20',2),(9030,18,'2019-12-30 14:14:20',2),(9031,13,'2019-12-30 14:14:20',3),(9032,15,'2019-12-30 14:14:20',2),(9033,7,'2019-12-30 14:14:20',4),(9034,8,'2019-12-30 14:14:30',2),(9035,12,'2019-12-30 14:14:30',2),(9036,9,'2019-12-30 14:14:30',9),(9037,10,'2019-12-30 14:14:30',2),(9038,16,'2019-12-30 14:14:30',2),(9039,11,'2019-12-30 14:14:30',2),(9040,17,'2019-12-30 14:14:30',3),(9041,19,'2019-12-30 14:14:30',2),(9042,20,'2019-12-30 14:14:30',2),(9043,14,'2019-12-30 14:14:30',2),(9044,21,'2019-12-30 14:14:30',2193),(9045,22,'2019-12-30 14:18:42',6),(9046,23,'2019-12-30 14:18:42',7),(9047,27,'2019-12-30 14:18:42',5),(9048,25,'2019-12-30 14:18:42',5),(9049,26,'2019-12-30 14:18:42',5),(9050,6,'2019-12-30 14:18:42',4),(9051,24,'2019-12-30 14:18:42',5),(9052,28,'2019-12-30 14:18:42',4),(9053,1,'2019-12-30 14:19:20',4),(9054,2,'2019-12-30 14:19:20',9),(9055,3,'2019-12-30 14:19:20',2),(9056,4,'2019-12-30 14:19:20',2),(9057,5,'2019-12-30 14:19:20',2),(9058,18,'2019-12-30 14:19:20',2),(9059,13,'2019-12-30 14:19:20',2),(9060,15,'2019-12-30 14:19:20',2),(9061,7,'2019-12-30 14:19:20',4),(9062,8,'2019-12-30 14:19:31',2),(9063,12,'2019-12-30 14:19:31',2),(9064,9,'2019-12-30 14:19:31',2),(9065,10,'2019-12-30 14:19:31',2),(9066,16,'2019-12-30 14:19:31',2),(9067,11,'2019-12-30 14:19:31',2),(9068,17,'2019-12-30 14:19:31',2),(9069,19,'2019-12-30 14:19:31',2),(9070,20,'2019-12-30 14:19:31',2),(9071,14,'2019-12-30 14:19:31',2),(9072,21,'2019-12-30 14:19:31',2193),(9073,22,'2019-12-30 14:23:42',5),(9074,23,'2019-12-30 14:23:42',3),(9075,27,'2019-12-30 14:23:42',3),(9076,25,'2019-12-30 14:23:42',5),(9077,26,'2019-12-30 14:23:42',3),(9078,6,'2019-12-30 14:23:42',5),(9079,24,'2019-12-30 14:23:42',3),(9080,28,'2019-12-30 14:23:42',3),(9081,1,'2019-12-30 14:24:20',4),(9082,2,'2019-12-30 14:24:20',2),(9083,3,'2019-12-30 14:24:20',2),(9084,4,'2019-12-30 14:24:20',2),(9085,5,'2019-12-30 14:24:20',2),(9086,18,'2019-12-30 14:24:20',2),(9087,13,'2019-12-30 14:24:20',4),(9088,15,'2019-12-30 14:24:20',2),(9089,7,'2019-12-30 14:24:20',4),(9090,8,'2019-12-30 14:24:31',5),(9091,12,'2019-12-30 14:24:31',7),(9092,9,'2019-12-30 14:24:31',8),(9093,10,'2019-12-30 14:24:31',5),(9094,16,'2019-12-30 14:24:31',2),(9095,11,'2019-12-30 14:24:31',6),(9096,17,'2019-12-30 14:24:31',2),(9097,19,'2019-12-30 14:24:31',2),(9098,20,'2019-12-30 14:24:31',2),(9099,14,'2019-12-30 14:24:31',5),(9100,21,'2019-12-30 14:24:31',2189),(9101,22,'2019-12-30 14:28:42',5),(9102,23,'2019-12-30 14:28:42',3),(9103,27,'2019-12-30 14:28:42',3),(9104,25,'2019-12-30 14:28:42',5),(9105,26,'2019-12-30 14:28:42',3),(9106,6,'2019-12-30 14:28:42',5),(9107,24,'2019-12-30 14:28:42',2),(9108,28,'2019-12-30 14:28:42',2),(9109,1,'2019-12-30 14:29:20',4),(9110,2,'2019-12-30 14:29:20',2),(9111,3,'2019-12-30 14:29:20',9),(9112,4,'2019-12-30 14:29:20',2),(9113,5,'2019-12-30 14:29:20',2),(9114,18,'2019-12-30 14:29:20',2),(9115,13,'2019-12-30 14:29:20',2),(9116,15,'2019-12-30 14:29:20',2),(9117,7,'2019-12-30 14:29:20',4),(9118,8,'2019-12-30 14:29:31',2),(9119,12,'2019-12-30 14:29:31',2),(9120,9,'2019-12-30 14:29:31',2),(9121,10,'2019-12-30 14:29:31',2),(9122,16,'2019-12-30 14:29:31',2),(9123,11,'2019-12-30 14:29:31',2),(9124,17,'2019-12-30 14:29:31',2),(9125,19,'2019-12-30 14:29:31',2),(9126,20,'2019-12-30 14:29:31',2),(9127,14,'2019-12-30 14:29:31',2),(9128,21,'2019-12-30 14:29:31',2191),(9129,22,'2019-12-30 14:33:42',4),(9130,23,'2019-12-30 14:33:42',2),(9131,27,'2019-12-30 14:33:42',2),(9132,25,'2019-12-30 14:33:42',4),(9133,26,'2019-12-30 14:33:42',2),(9134,6,'2019-12-30 14:33:42',4),(9135,24,'2019-12-30 14:33:42',2),(9136,28,'2019-12-30 14:33:42',2),(9137,1,'2019-12-30 14:34:20',4),(9138,2,'2019-12-30 14:34:20',2),(9139,3,'2019-12-30 14:34:20',2),(9140,4,'2019-12-30 14:34:20',2),(9141,5,'2019-12-30 14:34:20',2),(9142,18,'2019-12-30 14:34:20',2),(9143,13,'2019-12-30 14:34:20',2),(9144,15,'2019-12-30 14:34:20',2),(9145,7,'2019-12-30 14:34:20',4),(9146,8,'2019-12-30 14:34:31',2),(9147,12,'2019-12-30 14:34:31',2),(9148,9,'2019-12-30 14:34:31',2),(9149,10,'2019-12-30 14:34:31',2),(9150,16,'2019-12-30 14:34:31',2),(9151,11,'2019-12-30 14:34:31',2),(9152,17,'2019-12-30 14:34:31',2),(9153,19,'2019-12-30 14:34:31',11),(9154,20,'2019-12-30 14:34:31',2),(9155,14,'2019-12-30 14:34:31',2),(9156,21,'2019-12-30 14:34:31',2193),(9157,22,'2019-12-30 14:38:42',5),(9158,23,'2019-12-30 14:38:42',3),(9159,27,'2019-12-30 14:38:42',3),(9160,25,'2019-12-30 14:38:42',5),(9161,26,'2019-12-30 14:38:42',3),(9162,6,'2019-12-30 14:38:42',5),(9163,24,'2019-12-30 14:38:42',3),(9164,28,'2019-12-30 14:38:42',3),(9165,1,'2019-12-30 14:39:21',5),(9166,2,'2019-12-30 14:39:21',3),(9167,3,'2019-12-30 14:39:21',3),(9168,4,'2019-12-30 14:39:21',3),(9169,5,'2019-12-30 14:39:21',3),(9170,18,'2019-12-30 14:39:21',3),(9171,13,'2019-12-30 14:39:21',3),(9172,15,'2019-12-30 14:39:21',3),(9173,7,'2019-12-30 14:39:21',5),(9174,8,'2019-12-30 14:39:31',3),(9175,12,'2019-12-30 14:39:31',3),(9176,9,'2019-12-30 14:39:31',3),(9177,10,'2019-12-30 14:39:31',3),(9178,16,'2019-12-30 14:39:31',3),(9179,11,'2019-12-30 14:39:31',3),(9180,17,'2019-12-30 14:39:31',3),(9181,19,'2019-12-30 14:39:31',3),(9182,20,'2019-12-30 14:39:31',2),(9183,14,'2019-12-30 14:39:31',3),(9184,21,'2019-12-30 14:39:31',2193),(9185,22,'2019-12-30 14:43:43',4),(9186,23,'2019-12-30 14:43:43',2),(9187,27,'2019-12-30 14:43:43',2),(9188,25,'2019-12-30 14:43:43',4),(9189,26,'2019-12-30 14:43:43',2),(9190,6,'2019-12-30 14:43:43',4),(9191,24,'2019-12-30 14:43:43',2),(9192,28,'2019-12-30 14:43:43',2),(9193,1,'2019-12-30 14:44:21',4),(9194,2,'2019-12-30 14:44:21',2),(9195,3,'2019-12-30 14:44:21',2),(9196,4,'2019-12-30 14:44:21',2),(9197,5,'2019-12-30 14:44:21',2),(9198,18,'2019-12-30 14:44:21',2),(9199,13,'2019-12-30 14:44:21',2),(9200,15,'2019-12-30 14:44:21',2),(9201,7,'2019-12-30 14:44:21',4),(9202,8,'2019-12-30 14:44:32',2),(9203,12,'2019-12-30 14:44:32',2),(9204,9,'2019-12-30 14:44:32',2),(9205,10,'2019-12-30 14:44:32',2),(9206,16,'2019-12-30 14:44:32',2),(9207,11,'2019-12-30 14:44:32',2),(9208,17,'2019-12-30 14:44:32',2),(9209,19,'2019-12-30 14:44:32',2),(9210,20,'2019-12-30 14:44:32',2),(9211,14,'2019-12-30 14:44:32',9),(9212,21,'2019-12-30 14:44:32',2192),(9213,22,'2019-12-30 14:48:43',5),(9214,23,'2019-12-30 14:48:43',3),(9215,27,'2019-12-30 14:48:43',3),(9216,25,'2019-12-30 14:48:43',12),(9217,26,'2019-12-30 14:48:43',3),(9218,6,'2019-12-30 14:48:43',4),(9219,24,'2019-12-30 14:48:43',2),(9220,28,'2019-12-30 14:48:43',2),(9221,1,'2019-12-30 14:49:21',4),(9222,2,'2019-12-30 14:49:21',3),(9223,3,'2019-12-30 14:49:21',3),(9224,4,'2019-12-30 14:49:21',2),(9225,5,'2019-12-30 14:49:21',3),(9226,18,'2019-12-30 14:49:21',3),(9227,13,'2019-12-30 14:49:21',3),(9228,15,'2019-12-30 14:49:21',3),(9229,7,'2019-12-30 14:49:21',4),(9230,8,'2019-12-30 14:49:32',2),(9231,12,'2019-12-30 14:49:32',3),(9232,9,'2019-12-30 14:49:32',4),(9233,10,'2019-12-30 14:49:32',2),(9234,16,'2019-12-30 14:49:32',2),(9235,11,'2019-12-30 14:49:32',2),(9236,17,'2019-12-30 14:49:32',3),(9237,19,'2019-12-30 14:49:32',3),(9238,20,'2019-12-30 14:49:32',2),(9239,14,'2019-12-30 14:49:32',3),(9240,21,'2019-12-30 14:49:32',2193),(9241,22,'2019-12-30 14:53:43',6),(9242,23,'2019-12-30 14:53:43',4),(9243,27,'2019-12-30 14:53:43',3),(9244,25,'2019-12-30 14:53:43',6),(9245,26,'2019-12-30 14:53:43',3),(9246,6,'2019-12-30 14:53:43',6),(9247,24,'2019-12-30 14:53:43',3),(9248,28,'2019-12-30 14:53:43',3),(9249,1,'2019-12-30 14:54:21',4),(9250,2,'2019-12-30 14:54:21',2),(9251,3,'2019-12-30 14:54:21',2),(9252,4,'2019-12-30 14:54:21',2),(9253,5,'2019-12-30 14:54:21',2),(9254,18,'2019-12-30 14:54:21',2),(9255,13,'2019-12-30 14:54:21',2),(9256,15,'2019-12-30 14:54:21',2),(9257,7,'2019-12-30 14:54:21',4),(9258,8,'2019-12-30 14:54:32',2),(9259,12,'2019-12-30 14:54:32',4),(9260,9,'2019-12-30 14:54:32',4),(9261,10,'2019-12-30 14:54:32',2),(9262,16,'2019-12-30 14:54:32',2),(9263,11,'2019-12-30 14:54:32',2),(9264,17,'2019-12-30 14:54:32',2),(9265,19,'2019-12-30 14:54:32',2),(9266,20,'2019-12-30 14:54:32',2),(9267,14,'2019-12-30 14:54:32',2),(9268,21,'2019-12-30 14:54:32',2193),(9269,22,'2019-12-30 14:58:43',5),(9270,23,'2019-12-30 14:58:43',3),(9271,27,'2019-12-30 14:58:43',3),(9272,25,'2019-12-30 14:58:43',5),(9273,26,'2019-12-30 14:58:43',3),(9274,6,'2019-12-30 14:58:43',14),(9275,24,'2019-12-30 14:58:43',2),(9276,28,'2019-12-30 14:58:43',2),(9277,1,'2019-12-30 14:59:21',8),(9278,2,'2019-12-30 14:59:21',4),(9279,3,'2019-12-30 14:59:21',4),(9280,4,'2019-12-30 14:59:21',4),(9281,5,'2019-12-30 14:59:21',5),(9282,18,'2019-12-30 14:59:21',2),(9283,13,'2019-12-30 14:59:21',2),(9284,15,'2019-12-30 14:59:21',2),(9285,7,'2019-12-30 14:59:21',9),(9286,8,'2019-12-30 14:59:32',2),(9287,12,'2019-12-30 14:59:32',2),(9288,9,'2019-12-30 14:59:32',2),(9289,10,'2019-12-30 14:59:32',2),(9290,16,'2019-12-30 14:59:32',2),(9291,11,'2019-12-30 14:59:32',2),(9292,17,'2019-12-30 14:59:32',2),(9293,19,'2019-12-30 14:59:32',2),(9294,20,'2019-12-30 14:59:32',2),(9295,14,'2019-12-30 14:59:32',2),(9296,21,'2019-12-30 14:59:32',2194),(9297,22,'2019-12-30 15:03:43',5),(9298,23,'2019-12-30 15:03:43',3),(9299,27,'2019-12-30 15:03:43',3),(9300,25,'2019-12-30 15:03:43',5),(9301,26,'2019-12-30 15:03:43',3),(9302,6,'2019-12-30 15:03:43',5),(9303,24,'2019-12-30 15:03:43',2),(9304,28,'2019-12-30 15:03:43',2),(9305,1,'2019-12-30 15:04:21',4),(9306,2,'2019-12-30 15:04:21',2),(9307,3,'2019-12-30 15:04:21',2),(9308,4,'2019-12-30 15:04:21',2),(9309,5,'2019-12-30 15:04:21',2),(9310,18,'2019-12-30 15:04:21',2),(9311,13,'2019-12-30 15:04:21',2),(9312,15,'2019-12-30 15:04:21',2),(9313,7,'2019-12-30 15:04:21',4),(9314,8,'2019-12-30 15:04:32',2),(9315,12,'2019-12-30 15:04:32',2),(9316,9,'2019-12-30 15:04:32',2),(9317,10,'2019-12-30 15:04:32',2),(9318,16,'2019-12-30 15:04:32',2),(9319,11,'2019-12-30 15:04:32',2),(9320,17,'2019-12-30 15:04:32',2),(9321,19,'2019-12-30 15:04:32',2),(9322,20,'2019-12-30 15:04:32',2),(9323,14,'2019-12-30 15:04:32',2),(9324,21,'2019-12-30 15:04:32',2193),(9325,22,'2019-12-30 15:08:43',4),(9326,23,'2019-12-30 15:08:43',2),(9327,27,'2019-12-30 15:08:43',2),(9328,25,'2019-12-30 15:08:43',4),(9329,26,'2019-12-30 15:08:43',2),(9330,6,'2019-12-30 15:08:43',4),(9331,24,'2019-12-30 15:08:43',2),(9332,28,'2019-12-30 15:08:43',2),(9333,1,'2019-12-30 15:09:21',4),(9334,2,'2019-12-30 15:09:21',2),(9335,3,'2019-12-30 15:09:21',2),(9336,4,'2019-12-30 15:09:21',2),(9337,5,'2019-12-30 15:09:21',2),(9338,18,'2019-12-30 15:09:21',3),(9339,13,'2019-12-30 15:09:21',2),(9340,15,'2019-12-30 15:09:21',3),(9341,7,'2019-12-30 15:09:21',4),(9342,8,'2019-12-30 15:09:32',2),(9343,12,'2019-12-30 15:09:32',2),(9344,9,'2019-12-30 15:09:32',2),(9345,10,'2019-12-30 15:09:32',2),(9346,16,'2019-12-30 15:09:32',3),(9347,11,'2019-12-30 15:09:32',2),(9348,17,'2019-12-30 15:09:32',4),(9349,19,'2019-12-30 15:09:32',4),(9350,20,'2019-12-30 15:09:32',3),(9351,14,'2019-12-30 15:09:32',2),(9352,21,'2019-12-30 15:09:32',2192),(9353,22,'2019-12-30 15:13:43',6),(9354,23,'2019-12-30 15:13:43',4),(9355,27,'2019-12-30 15:13:43',4),(9356,25,'2019-12-30 15:13:43',6),(9357,26,'2019-12-30 15:13:43',5),(9358,6,'2019-12-30 15:13:43',6),(9359,24,'2019-12-30 15:13:43',3),(9360,28,'2019-12-30 15:13:43',3),(9361,1,'2019-12-30 15:14:21',4),(9362,2,'2019-12-30 15:14:21',2),(9363,3,'2019-12-30 15:14:21',2),(9364,4,'2019-12-30 15:14:21',2),(9365,5,'2019-12-30 15:14:21',2),(9366,18,'2019-12-30 15:14:21',2),(9367,13,'2019-12-30 15:14:21',2),(9368,15,'2019-12-30 15:14:21',2),(9369,7,'2019-12-30 15:14:21',4),(9370,8,'2019-12-30 15:14:33',25),(9371,12,'2019-12-30 15:14:33',2),(9372,9,'2019-12-30 15:14:33',2),(9373,10,'2019-12-30 15:14:33',2),(9374,16,'2019-12-30 15:14:33',2),(9375,11,'2019-12-30 15:14:33',2),(9376,17,'2019-12-30 15:14:33',2),(9377,19,'2019-12-30 15:14:33',2),(9378,20,'2019-12-30 15:14:33',2),(9379,14,'2019-12-30 15:14:33',2),(9380,21,'2019-12-30 15:14:33',2192),(9381,22,'2019-12-30 15:18:43',7),(9382,23,'2019-12-30 15:18:43',9),(9383,27,'2019-12-30 15:18:43',9),(9384,25,'2019-12-30 15:18:43',10),(9385,26,'2019-12-30 15:18:43',7),(9386,6,'2019-12-30 15:18:43',4),(9387,24,'2019-12-30 15:18:43',7),(9388,28,'2019-12-30 15:18:43',7),(9389,1,'2019-12-30 15:19:21',4),(9390,2,'2019-12-30 15:19:21',2),(9391,3,'2019-12-30 15:19:21',2),(9392,4,'2019-12-30 15:19:21',2),(9393,5,'2019-12-30 15:19:21',2),(9394,18,'2019-12-30 15:19:21',2),(9395,13,'2019-12-30 15:19:21',2),(9396,15,'2019-12-30 15:19:21',2),(9397,7,'2019-12-30 15:19:21',4),(9398,8,'2019-12-30 15:19:33',2),(9399,12,'2019-12-30 15:19:33',2),(9400,9,'2019-12-30 15:19:33',2),(9401,10,'2019-12-30 15:19:33',2),(9402,16,'2019-12-30 15:19:33',2),(9403,11,'2019-12-30 15:19:33',2),(9404,17,'2019-12-30 15:19:33',2),(9405,19,'2019-12-30 15:19:33',2),(9406,20,'2019-12-30 15:19:33',2),(9407,14,'2019-12-30 15:19:33',2),(9408,21,'2019-12-30 15:19:33',2193),(9409,22,'2019-12-30 15:23:44',7),(9410,23,'2019-12-30 15:23:44',5),(9411,27,'2019-12-30 15:23:44',5),(9412,25,'2019-12-30 15:23:44',7),(9413,26,'2019-12-30 15:23:44',5),(9414,6,'2019-12-30 15:23:44',7),(9415,24,'2019-12-30 15:23:44',4),(9416,28,'2019-12-30 15:23:44',4),(9417,1,'2019-12-30 15:24:21',5),(9418,2,'2019-12-30 15:24:21',3),(9419,3,'2019-12-30 15:24:21',3),(9420,4,'2019-12-30 15:24:21',3),(9421,5,'2019-12-30 15:24:21',3),(9422,18,'2019-12-30 15:24:21',3),(9423,13,'2019-12-30 15:24:21',5),(9424,15,'2019-12-30 15:24:21',3),(9425,7,'2019-12-30 15:24:21',5),(9426,8,'2019-12-30 15:24:33',10),(9427,12,'2019-12-30 15:24:33',12),(9428,9,'2019-12-30 15:24:33',12),(9429,10,'2019-12-30 15:24:33',8),(9430,16,'2019-12-30 15:24:33',4),(9431,11,'2019-12-30 15:24:33',10),(9432,17,'2019-12-30 15:24:33',5),(9433,19,'2019-12-30 15:24:33',4),(9434,20,'2019-12-30 15:24:33',4),(9435,14,'2019-12-30 15:24:33',11),(9436,21,'2019-12-30 15:24:33',2189);
/*!40000 ALTER TABLE `vm_resource_usage` ENABLE KEYS */;
UNLOCK TABLES;

--
-- Table structure for table `vms`
--

DROP TABLE IF EXISTS `vms`;
/*!40101 SET @saved_cs_client     = @@character_set_client */;
/*!40101 SET character_set_client = utf8 */;
CREATE TABLE `vms` (
  `id` int(11) NOT NULL AUTO_INCREMENT,
  `uuid` varchar(36) NOT NULL,
  PRIMARY KEY (`id`)
) ENGINE=InnoDB AUTO_INCREMENT=29 DEFAULT CHARSET=utf8;
/*!40101 SET character_set_client = @saved_cs_client */;

--
-- Dumping data for table `vms`
--

LOCK TABLES `vms` WRITE;
/*!40000 ALTER TABLE `vms` DISABLE KEYS */;
INSERT INTO `vms` VALUES (1,'0f602bf3-0af2-408e-8bbc-dc86b36e84a9'),(2,'e48e9fcd-c497-472d-9708-ccaef560721f'),(3,'a97f986b-3d30-4e87-934e-d94465f9d70d'),(4,'d9149053-27f6-457b-a400-43a98563928f'),(5,'dff8dd50-2953-45a3-bce6-25143759eeef'),(6,'12bc7a26-ea81-48c6-8344-042b6284e632'),(7,'a1126de3-9f8a-43e6-ae86-9e667bb20435'),(8,'61d6fda7-0962-453a-ace7-ce4cde951feb'),(9,'8b5e9892-57bf-42d6-82bc-70b396118ad8'),(10,'b0621ec2-3c98-4949-9c78-f7dbc1d3995e'),(11,'e2474ca3-6a3a-4c6b-bdec-d00f14dcb034'),(12,'993fe52c-99d1-40c9-8fe8-91a7be2f0b87'),(13,'d63d4ecc-83c6-4f5a-9723-06eaf3ecf1ab'),(14,'27cf0b42-1dc7-46a0-8ff5-2f9959b913ec'),(15,'c6526d6b-ca12-4032-837e-a639a99bcd03'),(16,'41c4e3b8-4841-4674-98f1-801fa6bc540f'),(17,'69928292-aa3a-4a9b-9bd7-548f86a603f7'),(18,'bb25db2f-f7b9-415b-a559-9a80f0560d8d'),(19,'189faeac-02f9-4fc6-a838-296e6e8a9bdd'),(20,'ebd03e16-5c44-4e0f-8722-4f87495288e1'),(21,'c4302f0b-a737-45d5-a2fd-8e7e17ef4fb6'),(22,'a3f8d669-368d-4746-9792-15dc1efdf89a'),(23,'a14f6f4b-0f3f-4d7b-bf40-518e57ef54da'),(24,'054da36b-845d-49f8-a614-63fbdf47b3cf'),(25,'86bc92cc-806c-4184-b7d4-94e3c6d9aefe'),(26,'3269d2fc-e392-4744-8a6e-a108ece27282'),(27,'f544780e-b17f-4ccb-8899-e76576d5610d'),(28,'cf294c90-d271-40fa-894d-362cb6481fac');
/*!40000 ALTER TABLE `vms` ENABLE KEYS */;
UNLOCK TABLES;
/*!40103 SET TIME_ZONE=@OLD_TIME_ZONE */;

/*!40101 SET SQL_MODE=@OLD_SQL_MODE */;
/*!40014 SET FOREIGN_KEY_CHECKS=@OLD_FOREIGN_KEY_CHECKS */;
/*!40014 SET UNIQUE_CHECKS=@OLD_UNIQUE_CHECKS */;
/*!40101 SET CHARACTER_SET_CLIENT=@OLD_CHARACTER_SET_CLIENT */;
/*!40101 SET CHARACTER_SET_RESULTS=@OLD_CHARACTER_SET_RESULTS */;
/*!40101 SET COLLATION_CONNECTION=@OLD_COLLATION_CONNECTION */;
/*!40111 SET SQL_NOTES=@OLD_SQL_NOTES */;

-- Dump completed on 2019-12-30 15:25:15
