-- MySQL dump 10.15  Distrib 10.0.38-MariaDB, for debian-linux-gnu (x86_64)
--
-- Host: localhost    Database: neat
-- ------------------------------------------------------
-- Server version	10.0.38-MariaDB-0ubuntu0.16.04.1

/*!40101 SET @OLD_CHARACTER_SET_CLIENT=@@CHARACTER_SET_CLIENT */;
/*!40101 SET @OLD_CHARACTER_SET_RESULTS=@@CHARACTER_SET_RESULTS */;
/*!40101 SET @OLD_COLLATION_CONNECTION=@@COLLATION_CONNECTION */;
/*!40101 SET NAMES utf8mb4 */;
/*!40103 SET @OLD_TIME_ZONE=@@TIME_ZONE */;
/*!40103 SET TIME_ZONE='+00:00' */;
/*!40014 SET @OLD_UNIQUE_CHECKS=@@UNIQUE_CHECKS, UNIQUE_CHECKS=0 */;
/*!40014 SET @OLD_FOREIGN_KEY_CHECKS=@@FOREIGN_KEY_CHECKS, FOREIGN_KEY_CHECKS=0 */;
/*!40101 SET @OLD_SQL_MODE=@@SQL_MODE, SQL_MODE='NO_AUTO_VALUE_ON_ZERO' */;
/*!40111 SET @OLD_SQL_NOTES=@@SQL_NOTES, SQL_NOTES=0 */;

--
-- Table structure for table `host_overload`
--

DROP TABLE IF EXISTS `host_overload`;
/*!40101 SET @saved_cs_client     = @@character_set_client */;
/*!40101 SET character_set_client = utf8 */;
CREATE TABLE `host_overload` (
  `id` int(11) NOT NULL AUTO_INCREMENT,
  `host_id` int(11) NOT NULL,
  `timestamp` datetime DEFAULT NULL,
  `overload` int(11) NOT NULL,
  PRIMARY KEY (`id`),
  KEY `host_id` (`host_id`),
  CONSTRAINT `host_overload_ibfk_1` FOREIGN KEY (`host_id`) REFERENCES `hosts` (`id`)
) ENGINE=InnoDB AUTO_INCREMENT=119 DEFAULT CHARSET=utf8;
/*!40101 SET character_set_client = @saved_cs_client */;

--
-- Dumping data for table `host_overload`
--

LOCK TABLES `host_overload` WRITE;
/*!40000 ALTER TABLE `host_overload` DISABLE KEYS */;
INSERT INTO `host_overload` VALUES (1,1,'2019-12-19 21:44:00',0),(2,2,'2019-12-19 21:44:03',0),(3,3,'2019-12-19 21:44:06',0),(4,4,'2019-12-19 21:44:08',0),(5,1,'2019-12-19 21:52:07',1),(6,3,'2019-12-19 21:57:13',1),(7,2,'2019-12-19 21:57:14',1),(8,2,'2019-12-19 22:02:15',0),(9,3,'2019-12-19 22:07:13',0),(10,3,'2019-12-19 22:22:15',1),(11,3,'2019-12-19 22:27:15',0),(12,2,'2019-12-19 22:27:17',1),(13,2,'2019-12-19 22:32:17',0),(14,3,'2019-12-19 22:37:16',1),(15,3,'2019-12-19 22:42:17',0),(16,3,'2019-12-19 23:02:18',1),(17,2,'2019-12-19 23:07:21',1),(18,3,'2019-12-19 23:17:20',0),(19,2,'2019-12-19 23:17:22',0),(20,3,'2019-12-19 23:22:20',1),(21,2,'2019-12-19 23:27:23',1),(22,3,'2019-12-19 23:32:21',0),(23,2,'2019-12-19 23:32:23',0),(24,3,'2019-12-19 23:47:22',1),(25,2,'2019-12-19 23:47:24',1),(26,2,'2019-12-19 23:52:25',0),(27,3,'2019-12-19 23:57:23',0),(28,3,'2019-12-20 00:02:23',1),(29,2,'2019-12-20 00:02:26',1),(30,3,'2019-12-20 00:12:24',0),(31,2,'2019-12-20 00:12:26',0),(32,3,'2019-12-20 00:17:25',1),(33,2,'2019-12-20 00:17:26',1),(34,2,'2019-12-20 00:22:27',0),(35,2,'2019-12-20 00:42:30',1),(36,3,'2019-12-20 01:02:30',0),(37,3,'2019-12-20 01:07:31',1),(38,2,'2019-12-20 01:12:33',0),(39,2,'2019-12-20 01:17:34',1),(40,2,'2019-12-20 01:22:34',0),(41,2,'2019-12-20 01:27:34',1),(42,2,'2019-12-20 01:32:34',0),(43,2,'2019-12-20 02:12:38',1),(44,2,'2019-12-20 02:17:38',0),(45,2,'2019-12-20 02:22:38',1),(46,2,'2019-12-20 02:37:40',0),(47,2,'2019-12-20 02:42:40',1),(48,2,'2019-12-20 02:47:40',0),(49,2,'2019-12-20 02:57:40',1),(50,2,'2019-12-20 03:17:42',0),(51,2,'2019-12-20 03:22:42',1),(52,2,'2019-12-20 03:32:43',0),(53,2,'2019-12-20 03:47:44',1),(54,2,'2019-12-20 03:52:44',0),(55,2,'2019-12-20 04:07:46',1),(56,2,'2019-12-20 04:12:47',0),(57,2,'2019-12-20 04:27:48',1),(58,2,'2019-12-20 04:32:49',0),(59,1,'2019-12-20 04:33:15',0),(60,1,'2019-12-20 04:38:15',1),(61,2,'2019-12-20 04:42:49',1),(62,2,'2019-12-20 04:52:50',0),(63,2,'2019-12-20 05:02:51',1),(64,2,'2019-12-20 05:07:52',0),(65,2,'2019-12-20 05:17:52',1),(66,2,'2019-12-20 05:22:52',0),(67,2,'2019-12-20 05:47:56',1),(68,2,'2019-12-20 05:52:56',0),(69,2,'2019-12-20 06:02:57',1),(70,2,'2019-12-20 06:07:57',0),(71,1,'2019-12-20 06:28:34',0),(72,1,'2019-12-20 06:33:35',1),(73,2,'2019-12-20 06:53:01',1),(74,2,'2019-12-20 07:18:03',0),(75,2,'2019-12-20 07:43:04',1),(76,1,'2019-12-20 07:43:41',0),(77,2,'2019-12-20 07:48:05',0),(78,1,'2019-12-20 07:48:41',1),(79,2,'2019-12-20 07:53:05',1),(80,2,'2019-12-20 08:03:06',0),(81,2,'2019-12-20 08:08:06',1),(82,2,'2019-12-20 08:13:07',0),(83,2,'2019-12-20 08:28:08',1),(84,2,'2019-12-20 08:33:08',0),(85,1,'2019-12-20 08:33:47',0),(86,1,'2019-12-20 08:38:47',1),(87,2,'2019-12-20 08:43:09',1),(88,2,'2019-12-20 08:48:10',0),(89,2,'2019-12-20 08:58:11',1),(90,2,'2019-12-20 09:13:12',0),(91,2,'2019-12-20 09:38:14',1),(92,2,'2019-12-20 09:43:15',0),(93,1,'2019-12-20 09:43:54',0),(94,1,'2019-12-20 09:48:54',1),(95,2,'2019-12-20 10:03:16',1),(96,1,'2019-12-20 10:08:57',0),(97,2,'2019-12-20 10:18:17',0),(98,1,'2019-12-20 10:18:58',1),(99,2,'2019-12-20 10:28:19',1),(100,2,'2019-12-20 10:43:20',0),(101,1,'2019-12-20 11:54:08',0),(102,1,'2019-12-20 12:04:09',1),(103,1,'2019-12-20 12:49:12',0),(104,1,'2019-12-20 12:54:13',1),(105,1,'2019-12-20 13:59:18',0),(106,1,'2019-12-20 14:04:19',1),(107,1,'2019-12-20 14:39:21',0),(108,1,'2019-12-20 14:44:21',1),(109,1,'2019-12-20 18:49:55',0),(110,1,'2019-12-20 18:54:55',1),(111,1,'2019-12-20 21:35:16',0),(112,1,'2019-12-20 21:40:17',1),(113,1,'2019-12-20 21:55:18',0),(114,3,'2019-12-20 22:05:04',0),(115,3,'2019-12-21 10:21:20',1),(116,1,'2019-12-21 10:26:27',1),(117,1,'2019-12-21 11:06:31',0),(118,3,'2019-12-21 11:51:30',0);
/*!40000 ALTER TABLE `host_overload` ENABLE KEYS */;
UNLOCK TABLES;

--
-- Table structure for table `host_resource_usage`
--

DROP TABLE IF EXISTS `host_resource_usage`;
/*!40101 SET @saved_cs_client     = @@character_set_client */;
/*!40101 SET character_set_client = utf8 */;
CREATE TABLE `host_resource_usage` (
  `id` int(11) NOT NULL AUTO_INCREMENT,
  `host_id` int(11) NOT NULL,
  `timestamp` datetime DEFAULT NULL,
  `cpu_mhz` int(11) NOT NULL,
  PRIMARY KEY (`id`),
  KEY `host_id` (`host_id`),
  CONSTRAINT `host_resource_usage_ibfk_1` FOREIGN KEY (`host_id`) REFERENCES `hosts` (`id`)
) ENGINE=InnoDB AUTO_INCREMENT=1931 DEFAULT CHARSET=utf8;
/*!40101 SET character_set_client = @saved_cs_client */;

--
-- Dumping data for table `host_resource_usage`
--

LOCK TABLES `host_resource_usage` WRITE;
/*!40000 ALTER TABLE `host_resource_usage` DISABLE KEYS */;
INSERT INTO `host_resource_usage` VALUES (1817,4,'2019-12-21 11:28:03',49),(1818,2,'2019-12-21 11:28:51',45),(1819,3,'2019-12-21 11:31:28',0),(1820,1,'2019-12-21 11:31:33',0),(1821,4,'2019-12-21 11:33:03',47),(1822,2,'2019-12-21 11:33:52',45),(1823,3,'2019-12-21 11:36:28',37),(1824,1,'2019-12-21 11:36:33',0),(1825,4,'2019-12-21 11:38:03',50),(1826,2,'2019-12-21 11:38:52',43),(1827,3,'2019-12-21 11:41:29',124),(1828,1,'2019-12-21 11:41:33',0),(1829,4,'2019-12-21 11:43:03',41),(1830,2,'2019-12-21 11:43:52',40),(1831,3,'2019-12-21 11:46:29',0),(1832,1,'2019-12-21 11:46:34',0),(1833,4,'2019-12-21 11:48:04',46),(1834,2,'2019-12-21 11:48:52',39),(1835,3,'2019-12-21 11:51:30',0),(1836,1,'2019-12-21 11:51:34',40),(1837,4,'2019-12-21 11:53:04',43),(1838,2,'2019-12-21 11:53:52',44),(1839,3,'2019-12-21 11:56:31',0),(1840,1,'2019-12-21 11:56:35',19),(1841,4,'2019-12-21 11:58:04',53),(1842,2,'2019-12-21 11:58:52',45),(1843,3,'2019-12-21 12:01:31',0),(1844,1,'2019-12-21 12:01:35',0),(1845,4,'2019-12-21 12:03:04',49),(1846,2,'2019-12-21 12:03:52',43),(1847,3,'2019-12-21 12:06:32',0),(1848,1,'2019-12-21 12:06:37',65),(1849,4,'2019-12-21 12:08:04',52),(1850,2,'2019-12-21 12:08:52',41),(1851,3,'2019-12-21 12:11:32',0),(1852,1,'2019-12-21 12:11:37',49),(1853,4,'2019-12-21 12:13:04',43),(1854,2,'2019-12-21 12:13:52',47),(1855,3,'2019-12-21 12:16:32',0),(1856,1,'2019-12-21 12:16:37',0),(1857,4,'2019-12-21 12:18:04',56),(1858,2,'2019-12-21 12:18:52',49),(1859,3,'2019-12-21 12:21:33',0),(1860,1,'2019-12-21 12:21:37',0),(1861,4,'2019-12-21 12:23:04',39),(1862,2,'2019-12-21 12:23:53',42),(1863,3,'2019-12-21 12:26:34',0),(1864,1,'2019-12-21 12:26:38',0),(1865,4,'2019-12-21 12:28:04',36),(1866,2,'2019-12-21 12:28:53',39),(1867,3,'2019-12-21 12:31:34',0),(1868,1,'2019-12-21 12:31:38',0),(1869,4,'2019-12-21 12:33:04',37),(1870,2,'2019-12-21 12:33:53',43),(1871,3,'2019-12-21 12:36:34',0),(1872,1,'2019-12-21 12:36:39',0),(1873,4,'2019-12-21 12:38:05',35),(1874,2,'2019-12-21 12:38:53',41),(1875,3,'2019-12-21 12:41:35',0),(1876,1,'2019-12-21 12:41:39',0),(1877,4,'2019-12-21 12:43:05',35),(1878,2,'2019-12-21 12:43:53',43),(1879,3,'2019-12-21 12:46:37',0),(1880,1,'2019-12-21 12:46:39',0),(1881,4,'2019-12-21 12:48:05',36),(1882,2,'2019-12-21 12:48:53',43),(1883,3,'2019-12-21 12:51:38',0),(1884,1,'2019-12-21 12:51:39',0),(1885,4,'2019-12-21 12:53:05',52),(1886,2,'2019-12-21 12:53:53',54),(1887,3,'2019-12-21 12:56:39',0),(1888,1,'2019-12-21 12:56:40',9),(1889,4,'2019-12-21 12:58:05',41),(1890,2,'2019-12-21 12:58:53',43),(1891,3,'2019-12-21 13:01:39',0),(1892,1,'2019-12-21 13:01:41',0),(1893,4,'2019-12-21 13:03:05',36),(1894,2,'2019-12-21 13:03:53',40),(1895,3,'2019-12-21 13:06:40',0),(1896,1,'2019-12-21 13:06:41',0),(1897,4,'2019-12-21 13:08:05',34),(1898,2,'2019-12-21 13:08:53',40),(1899,3,'2019-12-21 13:11:40',0),(1900,1,'2019-12-21 13:11:41',0),(1901,4,'2019-12-21 13:13:05',37),(1902,2,'2019-12-21 13:13:53',47),(1903,3,'2019-12-21 13:16:41',0),(1904,1,'2019-12-21 13:16:41',0),(1905,4,'2019-12-21 13:18:05',33),(1906,2,'2019-12-21 13:18:53',38),(1907,3,'2019-12-21 13:21:41',14),(1908,1,'2019-12-21 13:21:42',0),(1909,4,'2019-12-21 13:23:05',33),(1910,2,'2019-12-21 13:23:53',36),(1911,3,'2019-12-21 13:26:41',0),(1912,1,'2019-12-21 13:26:42',47),(1913,4,'2019-12-21 13:28:05',38),(1914,2,'2019-12-21 13:28:54',40),(1915,3,'2019-12-21 13:31:42',0),(1916,1,'2019-12-21 13:31:42',0),(1917,4,'2019-12-21 13:33:05',39),(1918,2,'2019-12-21 13:33:54',43),(1919,3,'2019-12-21 13:36:42',0),(1920,1,'2019-12-21 13:36:43',0),(1921,4,'2019-12-21 13:38:05',40),(1922,2,'2019-12-21 13:38:54',43),(1923,3,'2019-12-21 13:41:42',0),(1924,1,'2019-12-21 13:41:43',0),(1925,4,'2019-12-21 13:43:05',39),(1926,2,'2019-12-21 13:43:54',38),(1927,3,'2019-12-21 13:46:43',0),(1928,1,'2019-12-21 13:46:44',0),(1929,4,'2019-12-21 13:48:06',40),(1930,2,'2019-12-21 13:48:54',40);
/*!40000 ALTER TABLE `host_resource_usage` ENABLE KEYS */;
UNLOCK TABLES;

--
-- Table structure for table `host_states`
--

DROP TABLE IF EXISTS `host_states`;
/*!40101 SET @saved_cs_client     = @@character_set_client */;
/*!40101 SET character_set_client = utf8 */;
CREATE TABLE `host_states` (
  `id` int(11) NOT NULL AUTO_INCREMENT,
  `host_id` int(11) NOT NULL,
  `timestamp` datetime DEFAULT NULL,
  `state` int(11) NOT NULL,
  PRIMARY KEY (`id`),
  KEY `host_id` (`host_id`),
  CONSTRAINT `host_states_ibfk_1` FOREIGN KEY (`host_id`) REFERENCES `hosts` (`id`)
) ENGINE=InnoDB AUTO_INCREMENT=6 DEFAULT CHARSET=utf8;
/*!40101 SET character_set_client = @saved_cs_client */;

--
-- Dumping data for table `host_states`
--

LOCK TABLES `host_states` WRITE;
/*!40000 ALTER TABLE `host_states` DISABLE KEYS */;
INSERT INTO `host_states` VALUES (1,1,'2019-12-19 21:44:26',1),(2,3,'2019-12-19 21:44:26',1),(3,2,'2019-12-19 21:44:26',1),(4,4,'2019-12-19 21:44:26',1),(5,4,'2019-12-19 21:50:18',0);
/*!40000 ALTER TABLE `host_states` ENABLE KEYS */;
UNLOCK TABLES;

--
-- Table structure for table `hosts`
--

DROP TABLE IF EXISTS `hosts`;
/*!40101 SET @saved_cs_client     = @@character_set_client */;
/*!40101 SET character_set_client = utf8 */;
CREATE TABLE `hosts` (
  `id` int(11) NOT NULL AUTO_INCREMENT,
  `hostname` varchar(255) NOT NULL,
  `cpu_mhz` int(11) NOT NULL,
  `cpu_cores` int(11) NOT NULL,
  `ram` int(11) NOT NULL,
  PRIMARY KEY (`id`)
) ENGINE=InnoDB AUTO_INCREMENT=5 DEFAULT CHARSET=utf8;
/*!40101 SET character_set_client = @saved_cs_client */;

--
-- Dumping data for table `hosts`
--

LOCK TABLES `hosts` WRITE;
/*!40000 ALTER TABLE `hosts` DISABLE KEYS */;
INSERT INTO `hosts` VALUES (1,'compute1',8776,4,16041),(2,'compute2',8776,4,16041),(3,'compute3',8776,4,16041),(4,'compute4',8776,4,16041);
/*!40000 ALTER TABLE `hosts` ENABLE KEYS */;
UNLOCK TABLES;

--
-- Table structure for table `vm_migrations`
--

DROP TABLE IF EXISTS `vm_migrations`;
/*!40101 SET @saved_cs_client     = @@character_set_client */;
/*!40101 SET character_set_client = utf8 */;
CREATE TABLE `vm_migrations` (
  `id` int(11) NOT NULL AUTO_INCREMENT,
  `vm_id` int(11) NOT NULL,
  `host_id` int(11) NOT NULL,
  `timestamp` datetime DEFAULT NULL,
  PRIMARY KEY (`id`),
  KEY `vm_id` (`vm_id`),
  KEY `host_id` (`host_id`),
  CONSTRAINT `vm_migrations_ibfk_1` FOREIGN KEY (`vm_id`) REFERENCES `vms` (`id`),
  CONSTRAINT `vm_migrations_ibfk_2` FOREIGN KEY (`host_id`) REFERENCES `hosts` (`id`)
) ENGINE=InnoDB AUTO_INCREMENT=60 DEFAULT CHARSET=utf8;
/*!40101 SET character_set_client = @saved_cs_client */;

--
-- Dumping data for table `vm_migrations`
--

LOCK TABLES `vm_migrations` WRITE;
/*!40000 ALTER TABLE `vm_migrations` DISABLE KEYS */;
INSERT INTO `vm_migrations` VALUES (1,22,1,'2019-12-19 21:45:41'),(2,23,1,'2019-12-19 21:46:28'),(3,27,1,'2019-12-19 21:47:09'),(4,25,1,'2019-12-19 21:47:53'),(5,26,1,'2019-12-19 21:48:37'),(6,24,1,'2019-12-19 21:49:22'),(7,28,1,'2019-12-19 21:50:17'),(8,8,1,'2019-12-19 21:57:26'),(9,8,3,'2019-12-19 23:59:30'),(10,28,3,'2019-12-20 00:11:53'),(11,26,3,'2019-12-20 00:18:56'),(12,4,3,'2019-12-20 00:31:26'),(13,26,1,'2019-12-20 00:38:55'),(14,23,3,'2019-12-20 00:44:00'),(15,4,1,'2019-12-20 00:46:16'),(16,3,3,'2019-12-20 00:51:29'),(17,26,3,'2019-12-20 01:03:51'),(18,4,3,'2019-12-20 01:11:43'),(19,8,1,'2019-12-20 01:14:49'),(20,7,3,'2019-12-20 01:18:53'),(21,26,1,'2019-12-20 01:26:41'),(22,22,3,'2019-12-20 01:31:37'),(23,4,1,'2019-12-20 01:39:24'),(24,24,3,'2019-12-20 07:14:07'),(25,8,3,'2019-12-20 07:31:36'),(26,24,1,'2019-12-20 07:54:01'),(27,6,3,'2019-12-20 08:04:15'),(28,24,3,'2019-12-20 08:21:58'),(29,6,1,'2019-12-20 08:34:01'),(30,24,1,'2019-12-20 08:46:24'),(31,6,3,'2019-12-20 08:49:28'),(32,24,3,'2019-12-20 09:11:56'),(33,6,1,'2019-12-20 09:14:09'),(34,6,3,'2019-12-20 09:33:58'),(35,24,1,'2019-12-20 09:52:06'),(36,24,3,'2019-12-20 10:06:05'),(37,6,1,'2019-12-20 10:14:21'),(38,6,3,'2019-12-20 10:38:50'),(39,24,1,'2019-12-20 10:41:53'),(40,6,1,'2019-12-20 11:04:39'),(41,6,3,'2019-12-20 11:21:57'),(42,9,3,'2019-12-20 11:29:05'),(43,10,3,'2019-12-20 11:30:52'),(44,11,3,'2019-12-20 11:32:44'),(45,13,3,'2019-12-20 11:39:35'),(46,14,3,'2019-12-20 11:40:47'),(47,24,3,'2019-12-20 11:47:12'),(48,6,1,'2019-12-20 16:35:06'),(49,6,3,'2019-12-20 16:51:43'),(50,6,1,'2019-12-20 17:18:42'),(51,6,3,'2019-12-20 17:35:18'),(52,6,1,'2019-12-20 18:02:18'),(53,6,3,'2019-12-20 18:37:17'),(54,6,1,'2019-12-20 18:55:03'),(55,6,3,'2019-12-20 19:14:00'),(56,6,1,'2019-12-20 20:03:17'),(57,6,3,'2019-12-20 20:21:25'),(58,6,1,'2019-12-20 20:55:58'),(59,6,3,'2019-12-20 21:13:24');
/*!40000 ALTER TABLE `vm_migrations` ENABLE KEYS */;
UNLOCK TABLES;

--
-- Table structure for table `vm_resource_usage`
--

DROP TABLE IF EXISTS `vm_resource_usage`;
/*!40101 SET @saved_cs_client     = @@character_set_client */;
/*!40101 SET character_set_client = utf8 */;
CREATE TABLE `vm_resource_usage` (
  `id` int(11) NOT NULL AUTO_INCREMENT,
  `vm_id` int(11) NOT NULL,
  `timestamp` datetime DEFAULT NULL,
  `cpu_mhz` int(11) NOT NULL,
  PRIMARY KEY (`id`),
  KEY `vm_id` (`vm_id`),
  CONSTRAINT `vm_resource_usage_ibfk_1` FOREIGN KEY (`vm_id`) REFERENCES `vms` (`id`)
) ENGINE=InnoDB AUTO_INCREMENT=13524 DEFAULT CHARSET=utf8;
/*!40101 SET character_set_client = @saved_cs_client */;

--
-- Dumping data for table `vm_resource_usage`
--

LOCK TABLES `vm_resource_usage` WRITE;
/*!40000 ALTER TABLE `vm_resource_usage` DISABLE KEYS */;
INSERT INTO `vm_resource_usage` VALUES (12740,8,'2019-12-21 11:31:28',457),(12741,22,'2019-12-21 11:31:28',13),(12742,23,'2019-12-21 11:31:28',3),(12743,15,'2019-12-21 11:31:28',442),(12744,10,'2019-12-21 11:31:28',5),(12745,16,'2019-12-21 11:31:28',8),(12746,26,'2019-12-21 11:31:28',1959),(12747,11,'2019-12-21 11:31:28',3),(12748,17,'2019-12-21 11:31:28',9),(12749,18,'2019-12-21 11:31:28',458),(12750,19,'2019-12-21 11:31:28',483),(12751,13,'2019-12-21 11:31:28',10),(12752,20,'2019-12-21 11:31:28',449),(12753,3,'2019-12-21 11:31:28',3),(12754,9,'2019-12-21 11:31:28',469),(12755,28,'2019-12-21 11:31:28',447),(12756,7,'2019-12-21 11:31:28',7),(12757,4,'2019-12-21 11:31:28',1958),(12758,14,'2019-12-21 11:31:28',3),(12759,1,'2019-12-21 11:31:33',15),(12760,2,'2019-12-21 11:31:33',4),(12761,27,'2019-12-21 11:31:33',4),(12762,25,'2019-12-21 11:31:33',11),(12763,5,'2019-12-21 11:31:33',4),(12764,6,'2019-12-21 11:31:33',2185),(12765,24,'2019-12-21 11:31:33',2183),(12766,12,'2019-12-21 11:31:33',7),(12767,21,'2019-12-21 11:31:33',5),(12768,8,'2019-12-21 11:36:28',511),(12769,22,'2019-12-21 11:36:28',13),(12770,23,'2019-12-21 11:36:28',10),(12771,15,'2019-12-21 11:36:28',515),(12772,10,'2019-12-21 11:36:28',11),(12773,16,'2019-12-21 11:36:28',9),(12774,26,'2019-12-21 11:36:28',1835),(12775,11,'2019-12-21 11:36:28',8),(12776,17,'2019-12-21 11:36:28',15),(12777,18,'2019-12-21 11:36:28',523),(12778,19,'2019-12-21 11:36:28',485),(12779,13,'2019-12-21 11:36:28',11),(12780,20,'2019-12-21 11:36:28',522),(12781,3,'2019-12-21 11:36:28',6),(12782,9,'2019-12-21 11:36:28',515),(12783,28,'2019-12-21 11:36:28',515),(12784,7,'2019-12-21 11:36:28',13),(12785,4,'2019-12-21 11:36:28',1813),(12786,14,'2019-12-21 11:36:28',9),(12787,1,'2019-12-21 11:36:33',22),(12788,2,'2019-12-21 11:36:33',21),(12789,27,'2019-12-21 11:36:33',14),(12790,25,'2019-12-21 11:36:33',24),(12791,5,'2019-12-21 11:36:33',19),(12792,6,'2019-12-21 11:36:33',2162),(12793,24,'2019-12-21 11:36:33',2163),(12794,12,'2019-12-21 11:36:33',13),(12795,21,'2019-12-21 11:36:33',27),(12796,8,'2019-12-21 11:41:29',570),(12797,22,'2019-12-21 11:41:29',10),(12798,23,'2019-12-21 11:41:29',3),(12799,15,'2019-12-21 11:41:29',600),(12800,10,'2019-12-21 11:41:29',4),(12801,16,'2019-12-21 11:41:29',10),(12802,26,'2019-12-21 11:41:29',1759),(12803,11,'2019-12-21 11:41:29',5),(12804,17,'2019-12-21 11:41:29',9),(12805,18,'2019-12-21 11:41:29',542),(12806,19,'2019-12-21 11:41:29',604),(12807,13,'2019-12-21 11:41:29',5),(12808,20,'2019-12-21 11:41:29',631),(12809,3,'2019-12-21 11:41:29',5),(12810,9,'2019-12-21 11:41:29',650),(12811,28,'2019-12-21 11:41:29',294),(12812,7,'2019-12-21 11:41:29',16),(12813,4,'2019-12-21 11:41:29',1742),(12814,14,'2019-12-21 11:41:29',6),(12815,1,'2019-12-21 11:41:33',15),(12816,2,'2019-12-21 11:41:33',5),(12817,27,'2019-12-21 11:41:33',8),(12818,25,'2019-12-21 11:41:33',13),(12819,5,'2019-12-21 11:41:33',8),(12820,6,'2019-12-21 11:41:33',2185),(12821,24,'2019-12-21 11:41:33',2188),(12822,12,'2019-12-21 11:41:33',8),(12823,21,'2019-12-21 11:41:33',7),(12824,8,'2019-12-21 11:46:29',660),(12825,22,'2019-12-21 11:46:29',16),(12826,23,'2019-12-21 11:46:29',3),(12827,15,'2019-12-21 11:46:29',647),(12828,10,'2019-12-21 11:46:29',3),(12829,16,'2019-12-21 11:46:29',12),(12830,26,'2019-12-21 11:46:29',1959),(12831,11,'2019-12-21 11:46:29',3),(12832,17,'2019-12-21 11:46:29',12),(12833,18,'2019-12-21 11:46:29',9),(12834,19,'2019-12-21 11:46:29',657),(12835,13,'2019-12-21 11:46:29',5),(12836,20,'2019-12-21 11:46:29',640),(12837,3,'2019-12-21 11:46:29',2),(12838,9,'2019-12-21 11:46:29',703),(12839,28,'2019-12-21 11:46:29',3),(12840,7,'2019-12-21 11:46:29',10),(12841,4,'2019-12-21 11:46:29',1954),(12842,14,'2019-12-21 11:46:29',2),(12843,1,'2019-12-21 11:46:34',6),(12844,2,'2019-12-21 11:46:34',3),(12845,27,'2019-12-21 11:46:34',3),(12846,25,'2019-12-21 11:46:34',12),(12847,5,'2019-12-21 11:46:34',6),(12848,6,'2019-12-21 11:46:34',2178),(12849,24,'2019-12-21 11:46:34',2177),(12850,12,'2019-12-21 11:46:34',8),(12851,21,'2019-12-21 11:46:34',5),(12852,8,'2019-12-21 11:51:30',152),(12853,22,'2019-12-21 11:51:30',12),(12854,23,'2019-12-21 11:51:30',7),(12855,15,'2019-12-21 11:51:30',178),(12856,10,'2019-12-21 11:51:30',7),(12857,16,'2019-12-21 11:51:30',15),(12858,26,'2019-12-21 11:51:30',2106),(12859,11,'2019-12-21 11:51:30',6),(12860,17,'2019-12-21 11:51:30',20),(12861,18,'2019-12-21 11:51:30',14),(12862,19,'2019-12-21 11:51:30',882),(12863,13,'2019-12-21 11:51:30',8),(12864,20,'2019-12-21 11:51:30',926),(12865,3,'2019-12-21 11:51:30',6),(12866,9,'2019-12-21 11:51:30',101),(12867,28,'2019-12-21 11:51:30',11),(12868,7,'2019-12-21 11:51:30',13),(12869,4,'2019-12-21 11:51:30',2105),(12870,14,'2019-12-21 11:51:30',10),(12871,1,'2019-12-21 11:51:34',19),(12872,2,'2019-12-21 11:51:34',18),(12873,27,'2019-12-21 11:51:34',10),(12874,25,'2019-12-21 11:51:34',14),(12875,5,'2019-12-21 11:51:34',13),(12876,6,'2019-12-21 11:51:34',2163),(12877,24,'2019-12-21 11:51:34',2166),(12878,12,'2019-12-21 11:51:34',9),(12879,21,'2019-12-21 11:51:34',10),(12880,8,'2019-12-21 11:56:31',14),(12881,22,'2019-12-21 11:56:31',14),(12882,23,'2019-12-21 11:56:31',7),(12883,15,'2019-12-21 11:56:31',4),(12884,10,'2019-12-21 11:56:31',5),(12885,16,'2019-12-21 11:56:31',9),(12886,26,'2019-12-21 11:56:31',2161),(12887,11,'2019-12-21 11:56:31',2),(12888,17,'2019-12-21 11:56:31',9),(12889,18,'2019-12-21 11:56:31',5),(12890,19,'2019-12-21 11:56:31',847),(12891,13,'2019-12-21 11:56:31',5),(12892,20,'2019-12-21 11:56:31',831),(12893,3,'2019-12-21 11:56:31',7),(12894,9,'2019-12-21 11:56:31',5),(12895,28,'2019-12-21 11:56:31',3),(12896,7,'2019-12-21 11:56:31',14),(12897,4,'2019-12-21 11:56:31',2155),(12898,14,'2019-12-21 11:56:31',6),(12899,1,'2019-12-21 11:56:35',16),(12900,2,'2019-12-21 11:56:35',24),(12901,27,'2019-12-21 11:56:35',4),(12902,25,'2019-12-21 11:56:35',12),(12903,5,'2019-12-21 11:56:35',17),(12904,6,'2019-12-21 11:56:35',2171),(12905,24,'2019-12-21 11:56:35',2175),(12906,12,'2019-12-21 11:56:35',6),(12907,21,'2019-12-21 11:56:35',8),(12908,8,'2019-12-21 12:01:31',7),(12909,22,'2019-12-21 12:01:31',6),(12910,23,'2019-12-21 12:01:31',5),(12911,15,'2019-12-21 12:01:31',3),(12912,10,'2019-12-21 12:01:31',3),(12913,16,'2019-12-21 12:01:31',5),(12914,26,'2019-12-21 12:01:31',2163),(12915,11,'2019-12-21 12:01:31',4),(12916,17,'2019-12-21 12:01:31',10),(12917,18,'2019-12-21 12:01:31',4),(12918,19,'2019-12-21 12:01:31',869),(12919,13,'2019-12-21 12:01:31',16),(12920,20,'2019-12-21 12:01:31',897),(12921,3,'2019-12-21 12:01:31',3),(12922,9,'2019-12-21 12:01:31',4),(12923,28,'2019-12-21 12:01:31',3),(12924,7,'2019-12-21 12:01:31',11),(12925,4,'2019-12-21 12:01:31',2152),(12926,14,'2019-12-21 12:01:31',16),(12927,1,'2019-12-21 12:01:35',11),(12928,2,'2019-12-21 12:01:35',9),(12929,27,'2019-12-21 12:01:35',13),(12930,25,'2019-12-21 12:01:35',12),(12931,5,'2019-12-21 12:01:35',6),(12932,6,'2019-12-21 12:01:35',2170),(12933,24,'2019-12-21 12:01:35',2169),(12934,12,'2019-12-21 12:01:35',5),(12935,21,'2019-12-21 12:01:35',8),(12936,8,'2019-12-21 12:06:32',12),(12937,22,'2019-12-21 12:06:32',8),(12938,23,'2019-12-21 12:06:32',3),(12939,15,'2019-12-21 12:06:32',9),(12940,10,'2019-12-21 12:06:32',6),(12941,16,'2019-12-21 12:06:32',12),(12942,26,'2019-12-21 12:06:32',2167),(12943,11,'2019-12-21 12:06:32',13),(12944,17,'2019-12-21 12:06:32',14),(12945,18,'2019-12-21 12:06:32',12),(12946,19,'2019-12-21 12:06:32',1278),(12947,13,'2019-12-21 12:06:32',12),(12948,20,'2019-12-21 12:06:32',79),(12949,3,'2019-12-21 12:06:32',3),(12950,9,'2019-12-21 12:06:32',7),(12951,28,'2019-12-21 12:06:32',4),(12952,7,'2019-12-21 12:06:32',11),(12953,4,'2019-12-21 12:06:32',2178),(12954,14,'2019-12-21 12:06:32',10),(12955,1,'2019-12-21 12:06:36',16),(12956,2,'2019-12-21 12:06:36',5),(12957,27,'2019-12-21 12:06:36',8),(12958,25,'2019-12-21 12:06:36',16),(12959,5,'2019-12-21 12:06:36',10),(12960,6,'2019-12-21 12:06:36',2182),(12961,24,'2019-12-21 12:06:36',2186),(12962,12,'2019-12-21 12:06:36',24),(12963,21,'2019-12-21 12:06:36',23),(12964,8,'2019-12-21 12:11:32',4),(12965,22,'2019-12-21 12:11:32',8),(12966,23,'2019-12-21 12:11:32',2),(12967,15,'2019-12-21 12:11:32',3),(12968,10,'2019-12-21 12:11:32',2),(12969,16,'2019-12-21 12:11:32',5),(12970,26,'2019-12-21 12:11:32',2180),(12971,11,'2019-12-21 12:11:32',2),(12972,17,'2019-12-21 12:11:32',6),(12973,18,'2019-12-21 12:11:32',2),(12974,19,'2019-12-21 12:11:32',95),(12975,13,'2019-12-21 12:11:32',3),(12976,20,'2019-12-21 12:11:32',2),(12977,3,'2019-12-21 12:11:32',2),(12978,9,'2019-12-21 12:11:32',2),(12979,28,'2019-12-21 12:11:32',2),(12980,7,'2019-12-21 12:11:32',7),(12981,4,'2019-12-21 12:11:32',2183),(12982,14,'2019-12-21 12:11:32',2),(12983,1,'2019-12-21 12:11:37',10),(12984,2,'2019-12-21 12:11:37',3),(12985,27,'2019-12-21 12:11:37',3),(12986,25,'2019-12-21 12:11:37',8),(12987,5,'2019-12-21 12:11:37',4),(12988,6,'2019-12-21 12:11:37',2184),(12989,24,'2019-12-21 12:11:37',2186),(12990,12,'2019-12-21 12:11:37',7),(12991,21,'2019-12-21 12:11:37',4),(12992,8,'2019-12-21 12:16:32',9),(12993,22,'2019-12-21 12:16:32',15),(12994,23,'2019-12-21 12:16:32',11),(12995,15,'2019-12-21 12:16:32',8),(12996,10,'2019-12-21 12:16:32',6),(12997,16,'2019-12-21 12:16:32',7),(12998,26,'2019-12-21 12:16:32',2186),(12999,11,'2019-12-21 12:16:32',5),(13000,17,'2019-12-21 12:16:32',10),(13001,18,'2019-12-21 12:16:32',5),(13002,19,'2019-12-21 12:16:32',8),(13003,13,'2019-12-21 12:16:32',6),(13004,20,'2019-12-21 12:16:32',6),(13005,3,'2019-12-21 12:16:32',6),(13006,9,'2019-12-21 12:16:32',8),(13007,28,'2019-12-21 12:16:32',7),(13008,7,'2019-12-21 12:16:32',11),(13009,4,'2019-12-21 12:16:32',2192),(13010,14,'2019-12-21 12:16:32',13),(13011,1,'2019-12-21 12:16:37',22),(13012,2,'2019-12-21 12:16:37',10),(13013,27,'2019-12-21 12:16:37',23),(13014,25,'2019-12-21 12:16:37',31),(13015,5,'2019-12-21 12:16:37',7),(13016,6,'2019-12-21 12:16:37',2171),(13017,24,'2019-12-21 12:16:37',2180),(13018,12,'2019-12-21 12:16:37',9),(13019,21,'2019-12-21 12:16:37',9),(13020,8,'2019-12-21 12:21:33',8),(13021,22,'2019-12-21 12:21:33',9),(13022,23,'2019-12-21 12:21:33',4),(13023,15,'2019-12-21 12:21:33',3),(13024,10,'2019-12-21 12:21:33',3),(13025,16,'2019-12-21 12:21:33',10),(13026,26,'2019-12-21 12:21:33',2186),(13027,11,'2019-12-21 12:21:33',3),(13028,17,'2019-12-21 12:21:33',9),(13029,18,'2019-12-21 12:21:33',3),(13030,19,'2019-12-21 12:21:33',3),(13031,13,'2019-12-21 12:21:33',7),(13032,20,'2019-12-21 12:21:33',3),(13033,3,'2019-12-21 12:21:33',3),(13034,9,'2019-12-21 12:21:33',3),(13035,28,'2019-12-21 12:21:33',3),(13036,7,'2019-12-21 12:21:33',9),(13037,4,'2019-12-21 12:21:33',2189),(13038,14,'2019-12-21 12:21:33',3),(13039,1,'2019-12-21 12:21:37',7),(13040,2,'2019-12-21 12:21:37',13),(13041,27,'2019-12-21 12:21:37',11),(13042,25,'2019-12-21 12:21:37',15),(13043,5,'2019-12-21 12:21:37',9),(13044,6,'2019-12-21 12:21:37',2173),(13045,24,'2019-12-21 12:21:37',2177),(13046,12,'2019-12-21 12:21:37',7),(13047,21,'2019-12-21 12:21:37',11),(13048,8,'2019-12-21 12:26:34',12),(13049,22,'2019-12-21 12:26:34',13),(13050,23,'2019-12-21 12:26:34',3),(13051,15,'2019-12-21 12:26:34',5),(13052,10,'2019-12-21 12:26:34',3),(13053,16,'2019-12-21 12:26:34',5),(13054,26,'2019-12-21 12:26:34',2187),(13055,11,'2019-12-21 12:26:34',2),(13056,17,'2019-12-21 12:26:34',7),(13057,18,'2019-12-21 12:26:34',3),(13058,19,'2019-12-21 12:26:34',2),(13059,13,'2019-12-21 12:26:34',3),(13060,20,'2019-12-21 12:26:34',3),(13061,3,'2019-12-21 12:26:34',5),(13062,9,'2019-12-21 12:26:34',3),(13063,28,'2019-12-21 12:26:34',3),(13064,7,'2019-12-21 12:26:34',10),(13065,4,'2019-12-21 12:26:34',2185),(13066,14,'2019-12-21 12:26:34',3),(13067,1,'2019-12-21 12:26:38',4),(13068,2,'2019-12-21 12:26:38',7),(13069,27,'2019-12-21 12:26:38',3),(13070,25,'2019-12-21 12:26:38',13),(13071,5,'2019-12-21 12:26:38',8),(13072,6,'2019-12-21 12:26:38',2186),(13073,24,'2019-12-21 12:26:38',2181),(13074,12,'2019-12-21 12:26:38',5),(13075,21,'2019-12-21 12:26:38',3),(13076,8,'2019-12-21 12:31:34',7),(13077,22,'2019-12-21 12:31:34',5),(13078,23,'2019-12-21 12:31:34',2),(13079,15,'2019-12-21 12:31:34',3),(13080,10,'2019-12-21 12:31:34',3),(13081,16,'2019-12-21 12:31:34',4),(13082,26,'2019-12-21 12:31:34',2184),(13083,11,'2019-12-21 12:31:34',5),(13084,17,'2019-12-21 12:31:34',5),(13085,18,'2019-12-21 12:31:34',3),(13086,19,'2019-12-21 12:31:34',3),(13087,13,'2019-12-21 12:31:34',3),(13088,20,'2019-12-21 12:31:34',2),(13089,3,'2019-12-21 12:31:34',25),(13090,9,'2019-12-21 12:31:34',2),(13091,28,'2019-12-21 12:31:34',2),(13092,7,'2019-12-21 12:31:34',7),(13093,4,'2019-12-21 12:31:34',2183),(13094,14,'2019-12-21 12:31:34',2),(13095,1,'2019-12-21 12:31:38',7),(13096,2,'2019-12-21 12:31:38',3),(13097,27,'2019-12-21 12:31:38',2),(13098,25,'2019-12-21 12:31:38',7),(13099,5,'2019-12-21 12:31:38',2),(13100,6,'2019-12-21 12:31:38',2187),(13101,24,'2019-12-21 12:31:38',2184),(13102,12,'2019-12-21 12:31:38',2),(13103,21,'2019-12-21 12:31:38',2),(13104,8,'2019-12-21 12:36:34',5),(13105,22,'2019-12-21 12:36:34',6),(13106,23,'2019-12-21 12:36:34',3),(13107,15,'2019-12-21 12:36:34',3),(13108,10,'2019-12-21 12:36:34',3),(13109,16,'2019-12-21 12:36:34',5),(13110,26,'2019-12-21 12:36:34',2194),(13111,11,'2019-12-21 12:36:34',3),(13112,17,'2019-12-21 12:36:34',8),(13113,18,'2019-12-21 12:36:34',3),(13114,19,'2019-12-21 12:36:34',6),(13115,13,'2019-12-21 12:36:34',3),(13116,20,'2019-12-21 12:36:34',9),(13117,3,'2019-12-21 12:36:34',4),(13118,9,'2019-12-21 12:36:34',3),(13119,28,'2019-12-21 12:36:34',3),(13120,7,'2019-12-21 12:36:34',5),(13121,4,'2019-12-21 12:36:34',2192),(13122,14,'2019-12-21 12:36:34',3),(13123,1,'2019-12-21 12:36:39',9),(13124,2,'2019-12-21 12:36:39',6),(13125,27,'2019-12-21 12:36:39',3),(13126,25,'2019-12-21 12:36:39',7),(13127,5,'2019-12-21 12:36:39',3),(13128,6,'2019-12-21 12:36:39',2189),(13129,24,'2019-12-21 12:36:39',2186),(13130,12,'2019-12-21 12:36:39',2),(13131,21,'2019-12-21 12:36:39',4),(13132,8,'2019-12-21 12:41:35',9),(13133,22,'2019-12-21 12:41:35',9),(13134,23,'2019-12-21 12:41:35',5),(13135,15,'2019-12-21 12:41:35',3),(13136,10,'2019-12-21 12:41:35',5),(13137,16,'2019-12-21 12:41:35',7),(13138,26,'2019-12-21 12:41:35',2183),(13139,11,'2019-12-21 12:41:35',12),(13140,17,'2019-12-21 12:41:35',6),(13141,18,'2019-12-21 12:41:35',4),(13142,19,'2019-12-21 12:41:35',3),(13143,13,'2019-12-21 12:41:35',3),(13144,20,'2019-12-21 12:41:35',3),(13145,3,'2019-12-21 12:41:35',3),(13146,9,'2019-12-21 12:41:35',3),(13147,28,'2019-12-21 12:41:35',3),(13148,7,'2019-12-21 12:41:35',10),(13149,4,'2019-12-21 12:41:35',2189),(13150,14,'2019-12-21 12:41:35',3),(13151,1,'2019-12-21 12:41:39',6),(13152,2,'2019-12-21 12:41:39',7),(13153,27,'2019-12-21 12:41:39',2),(13154,25,'2019-12-21 12:41:39',9),(13155,5,'2019-12-21 12:41:39',2),(13156,6,'2019-12-21 12:41:39',2186),(13157,24,'2019-12-21 12:41:39',2180),(13158,12,'2019-12-21 12:41:39',2),(13159,21,'2019-12-21 12:41:39',4),(13160,8,'2019-12-21 12:46:36',6),(13161,22,'2019-12-21 12:46:36',8),(13162,23,'2019-12-21 12:46:36',8),(13163,15,'2019-12-21 12:46:36',3),(13164,10,'2019-12-21 12:46:36',5),(13165,16,'2019-12-21 12:46:36',10),(13166,26,'2019-12-21 12:46:36',2190),(13167,11,'2019-12-21 12:46:36',9),(13168,17,'2019-12-21 12:46:36',7),(13169,18,'2019-12-21 12:46:36',3),(13170,19,'2019-12-21 12:46:36',3),(13171,13,'2019-12-21 12:46:36',7),(13172,20,'2019-12-21 12:46:36',6),(13173,3,'2019-12-21 12:46:36',3),(13174,9,'2019-12-21 12:46:36',3),(13175,28,'2019-12-21 12:46:36',6),(13176,7,'2019-12-21 12:46:36',10),(13177,4,'2019-12-21 12:46:36',2187),(13178,14,'2019-12-21 12:46:36',4),(13179,1,'2019-12-21 12:46:39',7),(13180,2,'2019-12-21 12:46:39',2),(13181,27,'2019-12-21 12:46:39',5),(13182,25,'2019-12-21 12:46:39',11),(13183,5,'2019-12-21 12:46:39',3),(13184,6,'2019-12-21 12:46:39',2188),(13185,24,'2019-12-21 12:46:39',2183),(13186,12,'2019-12-21 12:46:39',3),(13187,21,'2019-12-21 12:46:39',4),(13188,8,'2019-12-21 12:51:37',8),(13189,22,'2019-12-21 12:51:37',16),(13190,23,'2019-12-21 12:51:37',8),(13191,15,'2019-12-21 12:51:37',6),(13192,10,'2019-12-21 12:51:37',6),(13193,16,'2019-12-21 12:51:37',10),(13194,26,'2019-12-21 12:51:37',2180),(13195,11,'2019-12-21 12:51:37',7),(13196,17,'2019-12-21 12:51:37',9),(13197,18,'2019-12-21 12:51:37',7),(13198,19,'2019-12-21 12:51:37',4),(13199,13,'2019-12-21 12:51:37',18),(13200,20,'2019-12-21 12:51:37',10),(13201,3,'2019-12-21 12:51:37',19),(13202,9,'2019-12-21 12:51:37',4),(13203,28,'2019-12-21 12:51:37',4),(13204,7,'2019-12-21 12:51:37',12),(13205,4,'2019-12-21 12:51:37',2190),(13206,14,'2019-12-21 12:51:37',6),(13207,1,'2019-12-21 12:51:39',10),(13208,2,'2019-12-21 12:51:39',5),(13209,27,'2019-12-21 12:51:39',4),(13210,25,'2019-12-21 12:51:39',19),(13211,5,'2019-12-21 12:51:39',7),(13212,6,'2019-12-21 12:51:39',2180),(13213,24,'2019-12-21 12:51:39',2180),(13214,12,'2019-12-21 12:51:39',5),(13215,21,'2019-12-21 12:51:39',6),(13216,8,'2019-12-21 12:56:39',5),(13217,22,'2019-12-21 12:56:39',11),(13218,23,'2019-12-21 12:56:39',4),(13219,15,'2019-12-21 12:56:39',5),(13220,10,'2019-12-21 12:56:39',3),(13221,16,'2019-12-21 12:56:39',9),(13222,26,'2019-12-21 12:56:39',2184),(13223,11,'2019-12-21 12:56:39',4),(13224,17,'2019-12-21 12:56:39',7),(13225,18,'2019-12-21 12:56:39',3),(13226,19,'2019-12-21 12:56:39',3),(13227,13,'2019-12-21 12:56:39',3),(13228,20,'2019-12-21 12:56:39',4),(13229,3,'2019-12-21 12:56:39',11),(13230,9,'2019-12-21 12:56:39',3),(13231,28,'2019-12-21 12:56:39',2),(13232,7,'2019-12-21 12:56:39',16),(13233,4,'2019-12-21 12:56:39',2180),(13234,14,'2019-12-21 12:56:39',5),(13235,1,'2019-12-21 12:56:40',12),(13236,2,'2019-12-21 12:56:40',5),(13237,27,'2019-12-21 12:56:40',3),(13238,25,'2019-12-21 12:56:40',5),(13239,5,'2019-12-21 12:56:40',5),(13240,6,'2019-12-21 12:56:40',2175),(13241,24,'2019-12-21 12:56:40',2181),(13242,12,'2019-12-21 12:56:40',3),(13243,21,'2019-12-21 12:56:40',4),(13244,8,'2019-12-21 13:01:39',5),(13245,22,'2019-12-21 13:01:39',10),(13246,23,'2019-12-21 13:01:39',2),(13247,15,'2019-12-21 13:01:39',2),(13248,10,'2019-12-21 13:01:39',5),(13249,16,'2019-12-21 13:01:39',5),(13250,26,'2019-12-21 13:01:39',2189),(13251,11,'2019-12-21 13:01:39',2),(13252,17,'2019-12-21 13:01:39',7),(13253,18,'2019-12-21 13:01:39',2),(13254,19,'2019-12-21 13:01:39',2),(13255,13,'2019-12-21 13:01:39',3),(13256,20,'2019-12-21 13:01:39',2),(13257,3,'2019-12-21 13:01:39',2),(13258,9,'2019-12-21 13:01:39',2),(13259,28,'2019-12-21 13:01:39',2),(13260,7,'2019-12-21 13:01:39',9),(13261,4,'2019-12-21 13:01:39',2187),(13262,14,'2019-12-21 13:01:39',2),(13263,1,'2019-12-21 13:01:41',7),(13264,2,'2019-12-21 13:01:41',2),(13265,27,'2019-12-21 13:01:41',2),(13266,25,'2019-12-21 13:01:41',12),(13267,5,'2019-12-21 13:01:41',2),(13268,6,'2019-12-21 13:01:41',2187),(13269,24,'2019-12-21 13:01:41',2185),(13270,12,'2019-12-21 13:01:41',5),(13271,21,'2019-12-21 13:01:41',2),(13272,8,'2019-12-21 13:06:40',7),(13273,22,'2019-12-21 13:06:40',8),(13274,23,'2019-12-21 13:06:40',2),(13275,15,'2019-12-21 13:06:40',16),(13276,10,'2019-12-21 13:06:40',7),(13277,16,'2019-12-21 13:06:40',9),(13278,26,'2019-12-21 13:06:40',2187),(13279,11,'2019-12-21 13:06:40',6),(13280,17,'2019-12-21 13:06:40',16),(13281,18,'2019-12-21 13:06:40',16),(13282,19,'2019-12-21 13:06:40',7),(13283,13,'2019-12-21 13:06:40',6),(13284,20,'2019-12-21 13:06:40',6),(13285,3,'2019-12-21 13:06:40',2),(13286,9,'2019-12-21 13:06:40',7),(13287,28,'2019-12-21 13:06:40',2),(13288,7,'2019-12-21 13:06:40',11),(13289,4,'2019-12-21 13:06:40',2188),(13290,14,'2019-12-21 13:06:40',11),(13291,1,'2019-12-21 13:06:41',7),(13292,2,'2019-12-21 13:06:41',2),(13293,27,'2019-12-21 13:06:41',2),(13294,25,'2019-12-21 13:06:41',9),(13295,5,'2019-12-21 13:06:41',2),(13296,6,'2019-12-21 13:06:41',2184),(13297,24,'2019-12-21 13:06:41',2190),(13298,12,'2019-12-21 13:06:41',6),(13299,21,'2019-12-21 13:06:41',6),(13300,8,'2019-12-21 13:11:40',7),(13301,22,'2019-12-21 13:11:40',11),(13302,23,'2019-12-21 13:11:40',3),(13303,15,'2019-12-21 13:11:40',4),(13304,10,'2019-12-21 13:11:40',3),(13305,16,'2019-12-21 13:11:40',6),(13306,26,'2019-12-21 13:11:40',2191),(13307,11,'2019-12-21 13:11:40',3),(13308,17,'2019-12-21 13:11:40',11),(13309,18,'2019-12-21 13:11:40',3),(13310,19,'2019-12-21 13:11:40',3),(13311,13,'2019-12-21 13:11:40',4),(13312,20,'2019-12-21 13:11:40',13),(13313,3,'2019-12-21 13:11:40',3),(13314,9,'2019-12-21 13:11:40',3),(13315,28,'2019-12-21 13:11:40',9),(13316,7,'2019-12-21 13:11:40',6),(13317,4,'2019-12-21 13:11:40',2183),(13318,14,'2019-12-21 13:11:40',3),(13319,1,'2019-12-21 13:11:41',7),(13320,2,'2019-12-21 13:11:41',2),(13321,27,'2019-12-21 13:11:41',2),(13322,25,'2019-12-21 13:11:41',6),(13323,5,'2019-12-21 13:11:41',5),(13324,6,'2019-12-21 13:11:41',2188),(13325,24,'2019-12-21 13:11:41',2183),(13326,12,'2019-12-21 13:11:41',3),(13327,21,'2019-12-21 13:11:41',3),(13328,8,'2019-12-21 13:16:41',9),(13329,22,'2019-12-21 13:16:41',7),(13330,23,'2019-12-21 13:16:41',9),(13331,15,'2019-12-21 13:16:41',4),(13332,10,'2019-12-21 13:16:41',4),(13333,16,'2019-12-21 13:16:41',10),(13334,26,'2019-12-21 13:16:41',2188),(13335,11,'2019-12-21 13:16:41',4),(13336,17,'2019-12-21 13:16:41',7),(13337,18,'2019-12-21 13:16:41',4),(13338,19,'2019-12-21 13:16:41',6),(13339,13,'2019-12-21 13:16:41',4),(13340,20,'2019-12-21 13:16:41',4),(13341,3,'2019-12-21 13:16:41',4),(13342,9,'2019-12-21 13:16:41',3),(13343,28,'2019-12-21 13:16:41',9),(13344,7,'2019-12-21 13:16:41',6),(13345,4,'2019-12-21 13:16:41',2189),(13346,14,'2019-12-21 13:16:41',3),(13347,1,'2019-12-21 13:16:41',6),(13348,2,'2019-12-21 13:16:41',2),(13349,27,'2019-12-21 13:16:41',14),(13350,25,'2019-12-21 13:16:41',7),(13351,5,'2019-12-21 13:16:41',3),(13352,6,'2019-12-21 13:16:41',2180),(13353,24,'2019-12-21 13:16:41',2180),(13354,12,'2019-12-21 13:16:41',3),(13355,21,'2019-12-21 13:16:41',3),(13356,8,'2019-12-21 13:21:41',10),(13357,22,'2019-12-21 13:21:41',10),(13358,23,'2019-12-21 13:21:41',3),(13359,15,'2019-12-21 13:21:41',2),(13360,10,'2019-12-21 13:21:41',4),(13361,16,'2019-12-21 13:21:41',13),(13362,26,'2019-12-21 13:21:41',2190),(13363,11,'2019-12-21 13:21:41',3),(13364,17,'2019-12-21 13:21:41',7),(13365,18,'2019-12-21 13:21:41',2),(13366,19,'2019-12-21 13:21:41',2),(13367,13,'2019-12-21 13:21:41',3),(13368,20,'2019-12-21 13:21:41',2),(13369,3,'2019-12-21 13:21:41',3),(13370,9,'2019-12-21 13:21:41',2),(13371,28,'2019-12-21 13:21:41',2),(13372,7,'2019-12-21 13:21:41',5),(13373,4,'2019-12-21 13:21:41',2183),(13374,14,'2019-12-21 13:21:41',3),(13375,1,'2019-12-21 13:21:42',5),(13376,2,'2019-12-21 13:21:42',2),(13377,27,'2019-12-21 13:21:42',2),(13378,25,'2019-12-21 13:21:42',10),(13379,5,'2019-12-21 13:21:42',2),(13380,6,'2019-12-21 13:21:42',2181),(13381,24,'2019-12-21 13:21:42',2182),(13382,12,'2019-12-21 13:21:42',2),(13383,21,'2019-12-21 13:21:42',2),(13384,8,'2019-12-21 13:26:41',10),(13385,22,'2019-12-21 13:26:41',10),(13386,23,'2019-12-21 13:26:41',5),(13387,15,'2019-12-21 13:26:41',3),(13388,10,'2019-12-21 13:26:41',6),(13389,16,'2019-12-21 13:26:41',10),(13390,26,'2019-12-21 13:26:41',2185),(13391,11,'2019-12-21 13:26:41',6),(13392,17,'2019-12-21 13:26:41',10),(13393,18,'2019-12-21 13:26:41',3),(13394,19,'2019-12-21 13:26:41',7),(13395,13,'2019-12-21 13:26:41',4),(13396,20,'2019-12-21 13:26:41',5),(13397,3,'2019-12-21 13:26:41',3),(13398,9,'2019-12-21 13:26:41',4),(13399,28,'2019-12-21 13:26:41',4),(13400,7,'2019-12-21 13:26:41',17),(13401,4,'2019-12-21 13:26:41',2186),(13402,14,'2019-12-21 13:26:41',9),(13403,1,'2019-12-21 13:26:42',9),(13404,2,'2019-12-21 13:26:42',3),(13405,27,'2019-12-21 13:26:42',5),(13406,25,'2019-12-21 13:26:42',8),(13407,5,'2019-12-21 13:26:42',14),(13408,6,'2019-12-21 13:26:42',2185),(13409,24,'2019-12-21 13:26:42',2186),(13410,12,'2019-12-21 13:26:42',4),(13411,21,'2019-12-21 13:26:42',3),(13412,8,'2019-12-21 13:31:42',10),(13413,22,'2019-12-21 13:31:42',12),(13414,23,'2019-12-21 13:31:42',4),(13415,15,'2019-12-21 13:31:42',4),(13416,10,'2019-12-21 13:31:42',3),(13417,16,'2019-12-21 13:31:42',6),(13418,26,'2019-12-21 13:31:42',2190),(13419,11,'2019-12-21 13:31:42',5),(13420,17,'2019-12-21 13:31:42',9),(13421,18,'2019-12-21 13:31:42',3),(13422,19,'2019-12-21 13:31:42',24),(13423,13,'2019-12-21 13:31:42',4),(13424,20,'2019-12-21 13:31:42',3),(13425,3,'2019-12-21 13:31:42',3),(13426,9,'2019-12-21 13:31:42',3),(13427,28,'2019-12-21 13:31:42',3),(13428,7,'2019-12-21 13:31:42',13),(13429,4,'2019-12-21 13:31:42',2194),(13430,14,'2019-12-21 13:31:42',6),(13431,1,'2019-12-21 13:31:42',9),(13432,2,'2019-12-21 13:31:42',3),(13433,27,'2019-12-21 13:31:42',5),(13434,25,'2019-12-21 13:31:42',5),(13435,5,'2019-12-21 13:31:42',3),(13436,6,'2019-12-21 13:31:42',2188),(13437,24,'2019-12-21 13:31:42',2188),(13438,12,'2019-12-21 13:31:42',5),(13439,21,'2019-12-21 13:31:42',6),(13440,8,'2019-12-21 13:36:42',6),(13441,22,'2019-12-21 13:36:42',7),(13442,23,'2019-12-21 13:36:42',4),(13443,15,'2019-12-21 13:36:42',3),(13444,10,'2019-12-21 13:36:42',3),(13445,16,'2019-12-21 13:36:42',17),(13446,26,'2019-12-21 13:36:42',2189),(13447,11,'2019-12-21 13:36:42',4),(13448,17,'2019-12-21 13:36:42',6),(13449,18,'2019-12-21 13:36:42',3),(13450,19,'2019-12-21 13:36:42',3),(13451,13,'2019-12-21 13:36:42',3),(13452,20,'2019-12-21 13:36:42',3),(13453,3,'2019-12-21 13:36:42',6),(13454,9,'2019-12-21 13:36:42',3),(13455,28,'2019-12-21 13:36:42',3),(13456,7,'2019-12-21 13:36:42',9),(13457,4,'2019-12-21 13:36:42',2183),(13458,14,'2019-12-21 13:36:42',5),(13459,1,'2019-12-21 13:36:43',13),(13460,2,'2019-12-21 13:36:43',3),(13461,27,'2019-12-21 13:36:43',5),(13462,25,'2019-12-21 13:36:43',5),(13463,5,'2019-12-21 13:36:43',4),(13464,6,'2019-12-21 13:36:43',2186),(13465,24,'2019-12-21 13:36:43',2187),(13466,12,'2019-12-21 13:36:43',4),(13467,21,'2019-12-21 13:36:43',3),(13468,8,'2019-12-21 13:41:42',5),(13469,22,'2019-12-21 13:41:42',11),(13470,23,'2019-12-21 13:41:42',2),(13471,15,'2019-12-21 13:41:42',2),(13472,10,'2019-12-21 13:41:42',2),(13473,16,'2019-12-21 13:41:42',11),(13474,26,'2019-12-21 13:41:42',2177),(13475,11,'2019-12-21 13:41:42',2),(13476,17,'2019-12-21 13:41:42',5),(13477,18,'2019-12-21 13:41:42',2),(13478,19,'2019-12-21 13:41:42',2),(13479,13,'2019-12-21 13:41:42',6),(13480,20,'2019-12-21 13:41:42',2),(13481,3,'2019-12-21 13:41:42',2),(13482,9,'2019-12-21 13:41:42',2),(13483,28,'2019-12-21 13:41:42',2),(13484,7,'2019-12-21 13:41:42',9),(13485,4,'2019-12-21 13:41:42',2184),(13486,14,'2019-12-21 13:41:42',2),(13487,1,'2019-12-21 13:41:43',7),(13488,2,'2019-12-21 13:41:43',18),(13489,27,'2019-12-21 13:41:43',2),(13490,25,'2019-12-21 13:41:43',5),(13491,5,'2019-12-21 13:41:43',3),(13492,6,'2019-12-21 13:41:43',2188),(13493,24,'2019-12-21 13:41:43',2175),(13494,12,'2019-12-21 13:41:43',3),(13495,21,'2019-12-21 13:41:43',3),(13496,8,'2019-12-21 13:46:43',11),(13497,22,'2019-12-21 13:46:43',8),(13498,23,'2019-12-21 13:46:43',4),(13499,15,'2019-12-21 13:46:43',3),(13500,10,'2019-12-21 13:46:43',2),(13501,16,'2019-12-21 13:46:43',6),(13502,26,'2019-12-21 13:46:43',2187),(13503,11,'2019-12-21 13:46:43',2),(13504,17,'2019-12-21 13:46:43',5),(13505,18,'2019-12-21 13:46:43',3),(13506,19,'2019-12-21 13:46:43',2),(13507,13,'2019-12-21 13:46:43',3),(13508,20,'2019-12-21 13:46:43',2),(13509,3,'2019-12-21 13:46:43',4),(13510,9,'2019-12-21 13:46:43',2),(13511,28,'2019-12-21 13:46:43',3),(13512,7,'2019-12-21 13:46:43',6),(13513,4,'2019-12-21 13:46:43',2189),(13514,14,'2019-12-21 13:46:43',6),(13515,1,'2019-12-21 13:46:44',4),(13516,2,'2019-12-21 13:46:44',3),(13517,27,'2019-12-21 13:46:44',2),(13518,25,'2019-12-21 13:46:44',9),(13519,5,'2019-12-21 13:46:44',3),(13520,6,'2019-12-21 13:46:44',2190),(13521,24,'2019-12-21 13:46:44',2171),(13522,12,'2019-12-21 13:46:44',5),(13523,21,'2019-12-21 13:46:44',3);
/*!40000 ALTER TABLE `vm_resource_usage` ENABLE KEYS */;
UNLOCK TABLES;

--
-- Table structure for table `vms`
--

DROP TABLE IF EXISTS `vms`;
/*!40101 SET @saved_cs_client     = @@character_set_client */;
/*!40101 SET character_set_client = utf8 */;
CREATE TABLE `vms` (
  `id` int(11) NOT NULL AUTO_INCREMENT,
  `uuid` varchar(36) NOT NULL,
  PRIMARY KEY (`id`)
) ENGINE=InnoDB AUTO_INCREMENT=29 DEFAULT CHARSET=utf8;
/*!40101 SET character_set_client = @saved_cs_client */;

--
-- Dumping data for table `vms`
--

LOCK TABLES `vms` WRITE;
/*!40000 ALTER TABLE `vms` DISABLE KEYS */;
INSERT INTO `vms` VALUES (1,'0f602bf3-0af2-408e-8bbc-dc86b36e84a9'),(2,'e48e9fcd-c497-472d-9708-ccaef560721f'),(3,'a97f986b-3d30-4e87-934e-d94465f9d70d'),(4,'d9149053-27f6-457b-a400-43a98563928f'),(5,'dff8dd50-2953-45a3-bce6-25143759eeef'),(6,'12bc7a26-ea81-48c6-8344-042b6284e632'),(7,'a1126de3-9f8a-43e6-ae86-9e667bb20435'),(8,'61d6fda7-0962-453a-ace7-ce4cde951feb'),(9,'8b5e9892-57bf-42d6-82bc-70b396118ad8'),(10,'b0621ec2-3c98-4949-9c78-f7dbc1d3995e'),(11,'e2474ca3-6a3a-4c6b-bdec-d00f14dcb034'),(12,'993fe52c-99d1-40c9-8fe8-91a7be2f0b87'),(13,'d63d4ecc-83c6-4f5a-9723-06eaf3ecf1ab'),(14,'27cf0b42-1dc7-46a0-8ff5-2f9959b913ec'),(15,'c6526d6b-ca12-4032-837e-a639a99bcd03'),(16,'41c4e3b8-4841-4674-98f1-801fa6bc540f'),(17,'69928292-aa3a-4a9b-9bd7-548f86a603f7'),(18,'bb25db2f-f7b9-415b-a559-9a80f0560d8d'),(19,'189faeac-02f9-4fc6-a838-296e6e8a9bdd'),(20,'ebd03e16-5c44-4e0f-8722-4f87495288e1'),(21,'c4302f0b-a737-45d5-a2fd-8e7e17ef4fb6'),(22,'a3f8d669-368d-4746-9792-15dc1efdf89a'),(23,'a14f6f4b-0f3f-4d7b-bf40-518e57ef54da'),(24,'054da36b-845d-49f8-a614-63fbdf47b3cf'),(25,'86bc92cc-806c-4184-b7d4-94e3c6d9aefe'),(26,'3269d2fc-e392-4744-8a6e-a108ece27282'),(27,'f544780e-b17f-4ccb-8899-e76576d5610d'),(28,'cf294c90-d271-40fa-894d-362cb6481fac');
/*!40000 ALTER TABLE `vms` ENABLE KEYS */;
UNLOCK TABLES;
/*!40103 SET TIME_ZONE=@OLD_TIME_ZONE */;

/*!40101 SET SQL_MODE=@OLD_SQL_MODE */;
/*!40014 SET FOREIGN_KEY_CHECKS=@OLD_FOREIGN_KEY_CHECKS */;
/*!40014 SET UNIQUE_CHECKS=@OLD_UNIQUE_CHECKS */;
/*!40101 SET CHARACTER_SET_CLIENT=@OLD_CHARACTER_SET_CLIENT */;
/*!40101 SET CHARACTER_SET_RESULTS=@OLD_CHARACTER_SET_RESULTS */;
/*!40101 SET COLLATION_CONNECTION=@OLD_COLLATION_CONNECTION */;
/*!40111 SET SQL_NOTES=@OLD_SQL_NOTES */;

-- Dump completed on 2019-12-21 14:19:06
